Address_id,Contact_id,Address_type,Address,State,Zip
1,1,Home,,,75018.0
2,2,Home,2287 Sutteridge Park,Texas,75062.0
3,3,Home,,,75029.0
4,4,Home,,,75099.0
5,5,Home,62477 Hovde Hill,Texas,75061.0
6,6,Home,06 Heffernan Center,Texas,
7,7,Home,,,75031.0
8,8,Home,16515 Nova Hill,Texas,75041.0
9,9,Home,626 Orin Center,Texas,
10,10,Home,6687 Dottie Plaza,Texas,75027.0
11,11,Home,8 Luster Terrace,Texas,75059.0
12,12,Home,,,75076.0
13,13,Home,15 Jackson Lane,Texas,75013.0
14,14,Home,79254 Pond Center,Texas,75083.0
15,15,Home,9 Logan Parkway,Texas,75078.0
16,16,Home,65052 Heath Point,Texas,75046.0
17,17,Home,,,75005.0
18,18,Home,8 Fuller Road,Texas,75088.0
19,19,Home,1961 Division Hill,Texas,
20,20,Home,,,75042.0
21,21,Home,,,75060.0
22,22,Home,528 Main Junction,Texas,75046.0
23,23,Home,9086 Sommers Crossing,Texas,
24,24,Home,,,75099.0
25,25,Home,83 Shoshone Parkway,Texas,75046.0
26,26,Home,333 Scoville Hill,Texas,75091.0
27,27,Home,18894 Division Lane,Texas,75083.0
28,28,Home,250 2nd Drive,Texas,
29,29,Home,85701 Basil Road,Texas,75004.0
30,30,Home,23 Kings Lane,Texas,75086.0
31,31,Home,4 Maple Trail,Texas,
32,32,Home,504 Bayside Pass,Texas,75060.0
33,33,Home,,,75009.0
34,34,Home,26 Towne Road,Texas,75047.0
35,35,Home,9324 Onsgard Parkway,Texas,
36,36,Home,016 Oak Valley Parkway,Texas,
37,37,Home,660 Truax Way,Texas,75037.0
38,38,Home,75903 Linden Circle,Texas,75045.0
39,39,Home,36 Alpine Drive,Texas,
40,40,Home,6 Muir Circle,Texas,75078.0
41,41,Home,5395 Becker Drive,Texas,75011.0
42,42,Home,4585 Bluestem Avenue,Texas,75013.0
43,43,Home,9 Orin Alley,Texas,75002.0
44,44,Home,9274 Spohn Hill,Texas,75041.0
45,45,Home,34 Northfield Plaza,Texas,75061.0
46,46,Home,825 Dixon Lane,Texas,75030.0
47,47,Home,,,
48,48,Home,,,75071.0
49,49,Home,160 Grasskamp Park,Texas,75011.0
50,50,Home,,,
51,51,Home,3681 Schmedeman Park,Texas,75010.0
52,52,Home,1330 Thackeray Junction,Texas,75002.0
53,53,Home,70 Gina Point,Texas,
54,54,Home,0 Golf View Plaza,Texas,75095.0
55,55,Home,22839 Stuart Park,Texas,75074.0
56,56,Home,92 Elmside Way,Texas,
57,57,Home,589 Mccormick Parkway,Texas,75067.0
58,58,Home,56378 Talisman Drive,Texas,75032.0
59,59,Home,99570 Bayside Parkway,Texas,
60,60,Home,99687 Jenna Circle,Texas,75016.0
61,61,Home,9028 Carberry Avenue,Texas,75011.0
62,62,Home,55 Del Mar Hill,Texas,75017.0
63,63,Home,,,75041.0
64,64,Home,,,
65,65,Home,72772 Northfield Way,Texas,75002.0
66,66,Home,11 Donald Plaza,Texas,75048.0
67,67,Home,67412 Sundown Parkway,Texas,
68,68,Home,3 Moulton Junction,Texas,75049.0
69,69,Home,434 Farwell Plaza,Texas,75059.0
70,70,Home,08 Fremont Road,Texas,75048.0
71,71,Home,1251 Graceland Point,Texas,75051.0
72,72,Home,,,75023.0
73,73,Home,86545 Tennyson Crossing,Texas,75064.0
74,74,Home,1430 Linden Way,Texas,75040.0
75,75,Home,2268 Nancy Lane,Texas,75081.0
76,76,Home,,,75022.0
77,77,Home,840 Kingsford Parkway,Texas,75073.0
78,78,Home,4 Sunbrook Avenue,Texas,75067.0
79,79,Home,8735 Bultman Circle,Texas,75094.0
80,80,Home,65183 Delladonna Avenue,Texas,75079.0
81,81,Home,89640 Cody Terrace,Texas,
82,82,Home,12 Butternut Terrace,Texas,75006.0
83,83,Home,204 Farwell Avenue,Texas,75074.0
84,84,Home,1 Anhalt Junction,Texas,
85,85,Home,933 Debra Terrace,Texas,75021.0
86,86,Home,4265 Mayer Junction,Texas,75053.0
87,87,Home,46 Oakridge Avenue,Texas,75059.0
88,88,Home,71 Jay Terrace,Texas,75055.0
89,89,Home,598 Elmside Drive,Texas,75067.0
90,90,Home,,,75001.0
91,91,Home,421 8th Drive,Texas,75004.0
92,92,Home,,,75047.0
93,93,Home,27 Talmadge Park,Texas,75034.0
94,94,Home,801 Pleasure Trail,Texas,75057.0
95,95,Home,2449 Pepper Wood Court,Texas,75055.0
96,96,Home,79761 Carioca Point,Texas,
97,97,Home,,,75093.0
98,98,Home,,,75033.0
99,99,Home,27015 Nelson Parkway,Texas,
100,100,Home,470 Derek Plaza,Texas,75013.0
101,101,Home,622 Iowa Terrace,Texas,75086.0
102,102,Home,,,75097.0
103,103,Home,8 Colorado Alley,Texas,75094.0
104,104,Home,4 Dwight Court,Texas,75072.0
105,105,Home,7 Sugar Parkway,Texas,75014.0
106,106,Home,5221 Pearson Parkway,Texas,
107,107,Home,80 Welch Street,Texas,75061.0
108,108,Home,3 Derek Alley,Texas,
109,109,Home,,,75003.0
110,110,Home,1409 Loftsgordon Alley,Texas,75003.0
111,111,Home,3188 Fieldstone Circle,Texas,75072.0
112,112,Home,,,
113,113,Home,,,
114,114,Home,86 Welch Parkway,Texas,
115,115,Home,210 Victoria Hill,Texas,
116,116,Home,,,
117,117,Home,19886 Pine View Terrace,Texas,75056.0
118,118,Home,24 Welch Avenue,Texas,75031.0
119,119,Home,0 Karstens Way,Texas,75088.0
120,120,Home,8101 Jenna Court,Texas,75085.0
121,121,Home,24 Doe Crossing Court,Texas,75028.0
122,122,Home,79 Buena Vista Drive,Texas,
123,123,Home,82883 Ohio Junction,Texas,
124,124,Home,7595 Rusk Crossing,Texas,75097.0
125,125,Home,4 Elmside Park,Texas,
126,126,Home,67 Corscot Drive,Texas,75098.0
127,127,Home,4 Heath Parkway,Texas,75005.0
128,128,Home,202 Pankratz Terrace,Texas,75007.0
129,129,Home,,,75049.0
130,130,Home,1652 Rowland Plaza,Texas,75064.0
131,131,Home,84 Sommers Plaza,Texas,75004.0
132,132,Home,97 Cardinal Road,Texas,75027.0
133,133,Home,54 Lakewood Drive,Texas,75063.0
134,134,Home,,,
135,135,Home,,,
136,136,Home,3 Gulseth Alley,Texas,75052.0
137,137,Home,,,75044.0
138,138,Home,207 Fulton Avenue,Texas,75094.0
139,139,Home,28 Hollow Ridge Lane,Texas,75068.0
140,140,Home,37 Hauk Avenue,Texas,75098.0
141,141,Home,137 Moose Circle,Texas,75026.0
142,142,Home,63832 Shasta Crossing,Texas,75044.0
143,143,Home,,,
144,144,Home,38977 Karstens Lane,Texas,
145,145,Home,6 Browning Point,Texas,75097.0
146,146,Home,3785 Heath Pass,Texas,75005.0
147,147,Home,8406 Golf Course Trail,Texas,75033.0
148,148,Home,2 Truax Trail,Texas,75071.0
149,149,Home,,,
150,150,Home,7 Scott Place,Texas,
151,151,Home,,,75012.0
152,152,Home,299 Golf View Way,Texas,75085.0
153,153,Home,003 Morrow Crossing,Texas,75049.0
154,154,Home,,,
155,155,Home,679 Pankratz Lane,Texas,75052.0
156,156,Home,272 Farmco Lane,Texas,75003.0
157,157,Home,3229 Huxley Hill,Texas,75091.0
158,158,Home,,,
159,159,Home,168 Eagan Road,Texas,75018.0
160,160,Home,3037 Center Crossing,Texas,75043.0
161,161,Home,7 Vermont Terrace,Texas,
162,162,Home,90 Elmside Hill,Texas,75010.0
163,163,Home,,,75056.0
164,164,Home,9547 Michigan Lane,Texas,75054.0
165,165,Home,38 Mallard Place,Texas,75038.0
166,166,Home,2873 Rusk Crossing,Texas,75040.0
167,167,Home,9976 Mccormick Terrace,Texas,
168,168,Home,66 Hallows Trail,Texas,
169,169,Home,,,
170,170,Home,,,75055.0
171,171,Home,13 Cascade Crossing,Texas,
172,172,Home,48833 Atwood Alley,Texas,75001.0
173,173,Home,21 Canary Park,Texas,75018.0
174,174,Home,,,75069.0
175,175,Home,6235 Longview Pass,Texas,
176,176,Home,,,75025.0
177,177,Home,,,75082.0
178,178,Home,7224 Daystar Pass,Texas,
179,179,Home,35825 Maple Alley,Texas,75001.0
180,180,Home,2 Sunfield Street,Texas,75064.0
181,181,Home,9 Vahlen Drive,Texas,75081.0
182,182,Home,2031 School Trail,Texas,
183,183,Home,25234 Transport Drive,Texas,
184,184,Home,2 Nova Point,Texas,75095.0
185,185,Home,1 Kropf Circle,Texas,
186,186,Home,68 Cherokee Way,Texas,75061.0
187,187,Home,1 Kenwood Road,Texas,75064.0
188,188,Home,281 Waxwing Point,Texas,75080.0
189,189,Home,,,75091.0
190,190,Home,1 Jay Parkway,Texas,
191,191,Home,4 Kinsman Junction,Texas,75013.0
192,192,Home,3 Karstens Park,Texas,75058.0
193,193,Home,3396 Claremont Trail,Texas,75018.0
194,194,Home,04546 Tennyson Alley,Texas,75027.0
195,195,Home,4 Bunting Plaza,Texas,75085.0
196,196,Home,7069 Victoria Court,Texas,
197,197,Home,3774 Shoshone Hill,Texas,75062.0
198,198,Home,,,75098.0
199,199,Home,48 Tony Parkway,Texas,75083.0
200,200,Home,8 Twin Pines Lane,Texas,75032.0
201,201,Home,90 Lakeland Pass,Texas,
202,202,Home,091 Old Shore Plaza,Texas,75014.0
203,203,Home,8 Sheridan Point,Texas,
204,204,Home,,,75019.0
205,205,Home,41 Lakewood Terrace,Texas,
206,206,Home,,,75004.0
207,207,Home,6247 Macpherson Way,Texas,75061.0
208,208,Home,3 Buell Avenue,Texas,
209,209,Home,054 Mccormick Court,Texas,75045.0
210,210,Home,83 Esch Road,Texas,75048.0
211,211,Home,85937 Burrows Pass,Texas,
212,212,Home,0 Stuart Road,Texas,
213,213,Home,,,75087.0
214,214,Home,,,75026.0
215,215,Home,,,75015.0
216,216,Home,430 Hudson Hill,Texas,75077.0
217,217,Home,,,75060.0
218,218,Home,5303 Stoughton Circle,Texas,75012.0
219,219,Home,2250 Bunting Point,Texas,75061.0
220,220,Home,86414 Gateway Alley,Texas,75082.0
221,221,Home,7 Hagan Parkway,Texas,
222,222,Home,27 Hovde Place,Texas,
223,223,Home,88997 Summit Plaza,Texas,
224,224,Home,,,75052.0
225,225,Home,51 Dexter Drive,Texas,75032.0
226,226,Home,,,75045.0
227,227,Home,812 Hermina Road,Texas,75046.0
228,228,Home,267 Russell Park,Texas,
229,229,Home,50 Gale Pass,Texas,
230,230,Home,44995 Johnson Court,Texas,75003.0
231,231,Home,3 Village Green Parkway,Texas,75023.0
232,232,Home,,,75097.0
233,233,Home,0 Rockefeller Hill,Texas,
234,234,Home,,,75070.0
235,235,Home,6 Valley Edge Hill,Texas,75025.0
236,236,Home,390 Kenwood Hill,Texas,75023.0
237,237,Home,,,
238,238,Home,13429 Northport Circle,Texas,75051.0
239,239,Home,90 Canary Crossing,Texas,
240,240,Home,3595 Huxley Way,Texas,75052.0
241,241,Home,67573 Judy Junction,Texas,
242,242,Home,50 Sycamore Plaza,Texas,75030.0
243,243,Home,762 Roxbury Alley,Texas,75046.0
244,244,Home,33 Hintze Center,Texas,75089.0
245,245,Home,16 Knutson Pass,Texas,
246,246,Home,,,75026.0
247,247,Home,,,
248,248,Home,5357 7th Road,Texas,
249,249,Home,,,75040.0
250,250,Home,5 Jana Alley,Texas,75063.0
251,251,Home,57366 Hayes Pass,Texas,75065.0
252,252,Home,07 Kenwood Plaza,Texas,75014.0
253,253,Home,830 Mccormick Drive,Texas,75012.0
254,254,Home,440 Harper Parkway,Texas,75095.0
255,255,Home,6821 8th Pass,Texas,
256,256,Home,8067 Bayside Parkway,Texas,
257,257,Home,42330 Hooker Parkway,Texas,75073.0
258,258,Home,,,
259,259,Home,27 Lotheville Road,Texas,
260,260,Home,81 Talisman Point,Texas,75010.0
261,261,Home,0 Oakridge Center,Texas,
262,262,Home,9113 Dakota Crossing,Texas,75083.0
263,263,Home,94 Forest Park,Texas,
264,264,Home,,,75038.0
265,265,Home,4553 Moulton Center,Texas,
266,266,Home,87 Warrior Center,Texas,
267,267,Home,,,75019.0
268,268,Home,,,75081.0
269,269,Home,1222 Pond Drive,Texas,75006.0
270,270,Home,,,75084.0
271,271,Home,31 Summer Ridge Street,Texas,
272,272,Home,5 Hanover Crossing,Texas,75066.0
273,273,Home,9 Melrose Street,Texas,75008.0
274,274,Home,,,
275,275,Home,8359 Columbus Circle,Texas,75092.0
276,276,Home,72920 Ruskin Trail,Texas,75029.0
277,277,Home,40 Garrison Circle,Texas,75015.0
278,278,Home,1 Spohn Lane,Texas,75028.0
279,279,Home,37 Rusk Place,Texas,75071.0
280,280,Home,,,75015.0
281,281,Home,2 Hanson Point,Texas,75083.0
282,282,Home,96 Acker Way,Texas,
283,283,Home,328 Farragut Circle,Texas,75031.0
284,284,Home,2194 Messerschmidt Lane,Texas,75001.0
285,285,Home,1 Monterey Point,Texas,75055.0
286,286,Home,5547 Mallard Park,Texas,75027.0
287,287,Home,3 Menomonie Court,Texas,75050.0
288,288,Home,82 Duke Street,Texas,75090.0
289,289,Home,,,75090.0
290,290,Home,,,75003.0
291,291,Home,,,
292,292,Home,808 Merry Avenue,Texas,75047.0
293,293,Home,36365 Esch Road,Texas,
294,294,Home,75 Red Cloud Trail,Texas,
295,295,Home,1174 Sullivan Avenue,Texas,75040.0
296,296,Home,1 Grasskamp Park,Texas,
297,297,Home,,,75070.0
298,298,Home,2317 Annamark Alley,Texas,
299,299,Home,37 Sachtjen Center,Texas,75021.0
300,300,Home,58 Redwing Court,Texas,75097.0
301,301,Home,632 Graedel Place,Texas,
302,302,Home,37 Mayer Way,Texas,
303,303,Home,563 Mockingbird Point,Texas,75035.0
304,304,Home,03 Tomscot Circle,Texas,75030.0
305,305,Home,,,
306,306,Home,,,75074.0
307,307,Home,26 Erie Hill,Texas,75075.0
308,308,Home,,,
309,309,Home,5 Nobel Avenue,Texas,
310,310,Home,9940 Dunning Parkway,Texas,
311,311,Home,5598 Waxwing Crossing,Texas,75029.0
312,312,Home,3 Bayside Way,Texas,75010.0
313,313,Home,271 Bowman Way,Texas,75027.0
314,314,Home,2953 Scoville Drive,Texas,
315,315,Home,35 Caliangt Terrace,Texas,75082.0
316,316,Home,83 Nova Park,Texas,
317,317,Home,597 Schmedeman Point,Texas,
318,318,Home,8232 Chive Point,Texas,75042.0
319,319,Home,8 Packers Lane,Texas,
320,320,Home,07066 Monica Center,Texas,
321,321,Home,,,75046.0
322,322,Home,,,
323,323,Home,318 Moose Trail,Texas,75076.0
324,324,Home,38654 Novick Point,Texas,
325,325,Home,,,75025.0
326,326,Home,45 Miller Trail,Texas,75042.0
327,327,Home,8 Forest Dale Way,Texas,75051.0
328,328,Home,087 Duke Pass,Texas,75005.0
329,329,Home,811 Petterle Park,Texas,
330,330,Home,2737 School Avenue,Texas,75061.0
331,331,Home,1 Chive Junction,Texas,75063.0
332,332,Home,2 Randy Way,Texas,75076.0
333,333,Home,318 Canary Place,Texas,75016.0
334,334,Home,474 Weeping Birch Park,Texas,75048.0
335,335,Home,5762 Toban Alley,Texas,75048.0
336,336,Home,944 Porter Crossing,Texas,75041.0
337,337,Home,2960 Myrtle Drive,Texas,75008.0
338,338,Home,1 Sachs Way,Texas,
339,339,Home,53 Hermina Plaza,Texas,75015.0
340,340,Home,01 Fieldstone Terrace,Texas,75021.0
341,341,Home,19 Forest Dale Pass,Texas,
342,342,Home,9 Schlimgen Trail,Texas,
343,343,Home,79 Onsgard Drive,Texas,
344,344,Home,4899 Fremont Way,Texas,
345,345,Home,8733 Aberg Crossing,Texas,75054.0
346,346,Home,0 Green Drive,Texas,
347,347,Home,52 Morningstar Road,Texas,75043.0
348,348,Home,0 Brickson Park Place,Texas,75009.0
349,349,Home,5930 Clarendon Point,Texas,
350,350,Home,3852 Fallview Pass,Texas,75034.0
351,351,Home,,,75003.0
352,352,Home,4 Independence Hill,Texas,75048.0
353,353,Home,9 Lighthouse Bay Court,Texas,75031.0
354,354,Home,1 Namekagon Hill,Texas,
355,355,Home,,,75076.0
356,356,Home,4 Havey Hill,Texas,75085.0
357,357,Home,,,75045.0
358,358,Home,6 Crescent Oaks Parkway,Texas,75035.0
359,359,Home,95 Mallory Point,Texas,
360,360,Home,1131 Marquette Parkway,Texas,75031.0
361,361,Home,988 Vernon Avenue,Texas,75086.0
362,362,Home,36 Nova Junction,Texas,75061.0
363,363,Home,029 Derek Crossing,Texas,75060.0
364,364,Home,,,75004.0
365,365,Home,85 Mandrake Street,Texas,
366,366,Home,53 Thierer Junction,Texas,75010.0
367,367,Home,,,75091.0
368,368,Home,12 Springs Drive,Texas,75089.0
369,369,Home,1 Hovde Pass,Texas,75040.0
370,370,Home,620 West Drive,Texas,75073.0
371,371,Home,463 5th Junction,Texas,75020.0
372,372,Home,02 Northport Park,Texas,75077.0
373,373,Home,0 Truax Park,Texas,75033.0
374,374,Home,778 Carey Avenue,Texas,75025.0
375,375,Home,4510 Southridge Circle,Texas,75050.0
376,376,Home,,,75066.0
377,377,Home,9322 Armistice Park,Texas,75032.0
378,378,Home,98252 Manufacturers Parkway,Texas,75092.0
379,379,Home,6694 Columbus Plaza,Texas,75004.0
380,380,Home,,,75009.0
381,381,Home,47 Dakota Parkway,Texas,75091.0
382,382,Home,7986 Fallview Point,Texas,75057.0
383,383,Home,,,75033.0
384,384,Home,66 Sunbrook Hill,Texas,75049.0
385,385,Home,09 Farragut Way,Texas,75003.0
386,386,Home,86112 Michigan Alley,Texas,75017.0
387,387,Home,,,75046.0
388,388,Home,1 Continental Crossing,Texas,75087.0
389,389,Home,5 Sunfield Trail,Texas,75018.0
390,390,Home,21338 Jenna Center,Texas,
391,391,Home,4216 Ridgeview Way,Texas,75093.0
392,392,Home,,,
393,393,Home,7260 Hudson Street,Texas,
394,394,Home,11738 Harbort Road,Texas,75003.0
395,395,Home,44 Harbort Alley,Texas,75088.0
396,396,Home,83453 Clemons Junction,Texas,
397,397,Home,81 Lillian Crossing,Texas,75084.0
398,398,Home,928 Karstens Place,Texas,
399,399,Home,88 Anderson Trail,Texas,75035.0
400,400,Home,413 Grasskamp Terrace,Texas,75003.0
401,401,Home,7996 Oak Valley Circle,Texas,75019.0
402,402,Home,108 Pepper Wood Alley,Texas,75089.0
403,403,Home,4991 Dapin Crossing,Texas,75034.0
404,404,Home,1 Ludington Circle,Texas,
405,405,Home,084 Thackeray Trail,Texas,
406,406,Home,77379 Hermina Lane,Texas,75085.0
407,407,Home,,,75034.0
408,408,Home,1 Superior Park,Texas,75037.0
409,409,Home,45 Summit Trail,Texas,75037.0
410,410,Home,,,75095.0
411,411,Home,5 Debs Park,Texas,75068.0
412,412,Home,2 Ridgeway Drive,Texas,75003.0
413,413,Home,978 Buell Circle,Texas,
414,414,Home,696 Esch Way,Texas,75001.0
415,415,Home,0 Express Pass,Texas,
416,416,Home,9165 Colorado Way,Texas,75036.0
417,417,Home,,,
418,418,Home,8831 Waxwing Point,Texas,75012.0
419,419,Home,25 Straubel Lane,Texas,75077.0
420,420,Home,5 Melvin Drive,Texas,75038.0
421,421,Home,6367 Annamark Junction,Texas,75024.0
422,422,Home,,,75086.0
423,423,Home,77 Dakota Alley,Texas,75001.0
424,424,Home,828 Shoshone Drive,Texas,
425,425,Home,57306 Westridge Junction,Texas,
426,426,Home,,,
427,427,Home,43 Tennessee Park,Texas,75054.0
428,428,Home,333 Montana Avenue,Texas,
429,429,Home,03062 Express Crossing,Texas,
430,430,Home,,,
431,431,Home,,,75004.0
432,432,Home,570 Prairie Rose Terrace,Texas,75011.0
433,433,Home,50463 Novick Road,Texas,
434,434,Home,1703 Portage Place,Texas,75096.0
435,435,Home,66 Service Pass,Texas,75069.0
436,436,Home,15 Marquette Center,Texas,
437,437,Home,1152 Basil Crossing,Texas,75024.0
438,438,Home,00 Aberg Trail,Texas,
439,439,Home,97897 Nevada Place,Texas,
440,440,Home,86669 Kings Court,Texas,
441,441,Home,639 Del Mar Plaza,Texas,75091.0
442,442,Home,28 Kipling Pass,Texas,
443,443,Home,6 Aberg Hill,Texas,75042.0
444,444,Home,39881 Vidon Center,Texas,75098.0
445,445,Home,29509 Calypso Circle,Texas,75098.0
446,446,Home,49285 Huxley Park,Texas,75039.0
447,447,Home,3990 Lakeland Plaza,Texas,75090.0
448,448,Home,3757 Truax Park,Texas,
449,449,Home,,,75058.0
450,450,Home,18975 Harbort Hill,Texas,75004.0
451,451,Home,47751 Red Cloud Street,Texas,75013.0
452,452,Home,648 Hooker Junction,Texas,75061.0
453,453,Home,60302 Longview Way,Texas,75004.0
454,454,Home,834 Manitowish Center,Texas,
455,455,Home,3 Onsgard Plaza,Texas,75005.0
456,456,Home,0 Larry Way,Texas,75060.0
457,457,Home,370 Longview Hill,Texas,75005.0
458,458,Home,90777 Northwestern Street,Texas,
459,459,Home,72116 Rockefeller Street,Texas,75097.0
460,460,Home,71 Loftsgordon Hill,Texas,
461,461,Home,4574 Sachs Street,Texas,
462,462,Home,472 Merchant Street,Texas,
463,463,Home,3912 Riverside Circle,Texas,75039.0
464,464,Home,79872 Roth Way,Texas,75082.0
465,465,Home,34 Dexter Drive,Texas,75044.0
466,466,Home,212 School Hill,Texas,75093.0
467,467,Home,,,75011.0
468,468,Home,2 Kinsman Avenue,Texas,
469,469,Home,887 Mockingbird Park,Texas,75011.0
470,470,Home,,,
471,471,Home,1 Havey Hill,Texas,
472,472,Home,,,75023.0
473,473,Home,4106 Dapin Court,Texas,75003.0
474,474,Home,,,
475,475,Home,135 Mariners Cove Parkway,Texas,75038.0
476,476,Home,60 Graedel Plaza,Texas,
477,477,Home,,,75079.0
478,478,Home,,,75071.0
479,479,Home,51 High Crossing Street,Texas,75002.0
480,480,Home,8142 Mccormick Pass,Texas,75083.0
481,481,Home,5652 Pierstorff Road,Texas,
482,482,Home,5 Graceland Place,Texas,
483,483,Home,33 Bluestem Center,Texas,
484,484,Home,78 Caliangt Way,Texas,75005.0
485,485,Home,114 La Follette Crossing,Texas,75077.0
486,486,Home,74197 Mcguire Avenue,Texas,75061.0
487,487,Home,,,75017.0
488,488,Home,65 Tony Way,Texas,75020.0
489,489,Home,26 Riverside Drive,Texas,75065.0
490,490,Home,,,75088.0
491,491,Home,1775 Columbus Place,Texas,75054.0
492,492,Home,,,
493,493,Home,,,75092.0
494,494,Home,289 Russell Pass,Texas,75063.0
495,495,Home,3 Maple Wood Plaza,Texas,75017.0
496,496,Home,1 Stone Corner Terrace,Texas,
497,497,Home,259 Fairview Center,Texas,75090.0
498,498,Home,1 Gulseth Center,Texas,75057.0
499,499,Home,86658 Merchant Parkway,Texas,
500,500,Home,036 Pleasure Parkway,Texas,75039.0
501,501,Home,41 Emmet Point,Texas,75085.0
502,502,Home,,,
503,503,Home,8 Morning Lane,Texas,
504,504,Home,,,75054.0
505,505,Home,1 Graceland Center,Texas,
506,506,Home,3 Chinook Junction,Texas,75021.0
507,507,Home,28 Melvin Court,Texas,75092.0
508,508,Home,546 Arapahoe Alley,Texas,75041.0
509,509,Home,2 Mandrake Lane,Texas,
510,510,Home,,,
511,511,Home,1160 Waubesa Court,Texas,75080.0
512,512,Home,74 Grim Center,Texas,75047.0
513,513,Home,3 Straubel Trail,Texas,75022.0
514,514,Home,09144 Waxwing Parkway,Texas,75080.0
515,515,Home,4 Golf View Street,Texas,75049.0
516,516,Home,,,75043.0
517,517,Home,6133 Blaine Plaza,Texas,
518,518,Home,55 Utah Way,Texas,
519,519,Home,30380 Melvin Terrace,Texas,75047.0
520,520,Home,,,75071.0
521,521,Home,443 Gale Avenue,Texas,
522,522,Home,57436 Merrick Lane,Texas,75065.0
523,523,Home,64231 Green Ridge Parkway,Texas,75018.0
524,524,Home,58 Northview Drive,Texas,75032.0
525,525,Home,26 Stuart Road,Texas,75050.0
526,526,Home,0 Crowley Circle,Texas,75052.0
527,527,Home,3896 Columbus Parkway,Texas,75010.0
528,528,Home,25867 Florence Avenue,Texas,
529,529,Home,018 Muir Circle,Texas,
530,530,Home,23 Sullivan Alley,Texas,
531,531,Home,3392 Sherman Circle,Texas,
532,532,Home,217 Dayton Road,Texas,75089.0
533,533,Home,6537 Colorado Hill,Texas,75087.0
534,534,Home,,,75006.0
535,535,Home,6 Carpenter Pass,Texas,75001.0
536,536,Home,837 Westridge Lane,Texas,75079.0
537,537,Home,114 Mitchell Terrace,Texas,
538,538,Home,344 Glacier Hill Point,Texas,
539,539,Home,23 Blackbird Alley,Texas,75091.0
540,540,Home,5 Merry Terrace,Texas,75081.0
541,541,Home,149 Talisman Court,Texas,
542,542,Home,516 Stoughton Plaza,Texas,75093.0
543,543,Home,0179 Kensington Trail,Texas,75087.0
544,544,Home,1086 Ludington Pass,Texas,75040.0
545,545,Home,11388 Reinke Way,Texas,75052.0
546,546,Home,68 Laurel Plaza,Texas,75079.0
547,547,Home,05232 Knutson Pass,Texas,75059.0
548,548,Home,3722 Summit Junction,Texas,
549,549,Home,6830 Lake View Hill,Texas,
550,550,Home,963 Cottonwood Junction,Texas,
551,551,Home,7 Comanche Plaza,Texas,75006.0
552,552,Home,73097 Autumn Leaf Street,Texas,
553,553,Home,6 Waywood Drive,Texas,
554,554,Home,,,75079.0
555,555,Home,70 Brown Place,Texas,
556,556,Home,,,75071.0
557,557,Home,1 Mallard Trail,Texas,75078.0
558,558,Home,0848 Bluestem Hill,Texas,
559,559,Home,75026 Straubel Lane,Texas,
560,560,Home,,,75061.0
561,561,Home,502 Dawn Center,Texas,75095.0
562,562,Home,,,
563,563,Home,9 Dorton Hill,Texas,75025.0
564,564,Home,3 Pierstorff Lane,Texas,
565,565,Home,5 Old Shore Way,Texas,75094.0
566,566,Home,6 Gale Point,Texas,
567,567,Home,0273 Fairview Way,Texas,
568,568,Home,49356 Anhalt Court,Texas,75016.0
569,569,Home,0187 Beilfuss Crossing,Texas,75026.0
570,570,Home,952 Browning Junction,Texas,75025.0
571,571,Home,59 Buell Park,Texas,75062.0
572,572,Home,,,
573,573,Home,,,75032.0
574,574,Home,45444 Sutherland Trail,Texas,75091.0
575,575,Home,2457 Fuller Court,Texas,
576,576,Home,723 Bayside Alley,Texas,75013.0
577,577,Home,9494 3rd Parkway,Texas,75043.0
578,578,Home,689 Maywood Trail,Texas,
579,579,Home,7839 Carioca Drive,Texas,75091.0
580,580,Home,8 Rockefeller Drive,Texas,75021.0
581,581,Home,44630 Elgar Avenue,Texas,75062.0
582,582,Home,680 Meadow Vale Parkway,Texas,75034.0
583,583,Home,120 Tony Center,Texas,75029.0
584,584,Home,92383 North Crossing,Texas,
585,585,Home,28 Cottonwood Circle,Texas,75091.0
586,586,Home,66 Charing Cross Trail,Texas,75092.0
587,587,Home,9 Warrior Plaza,Texas,75008.0
588,588,Home,,,75028.0
589,589,Home,00220 Manufacturers Road,Texas,
590,590,Home,,,
591,591,Home,,,75017.0
592,592,Home,,,75047.0
593,593,Home,,,
594,594,Home,465 Rigney Way,Texas,75051.0
595,595,Home,,,
596,596,Home,89 Kenwood Trail,Texas,75095.0
597,597,Home,3 Mcguire Circle,Texas,
598,598,Home,57438 Arrowood Alley,Texas,75070.0
599,599,Home,810 Carberry Place,Texas,75082.0
600,600,Home,25433 Sauthoff Place,Texas,75024.0
601,601,Home,9 Hoepker Parkway,Texas,75003.0
602,602,Home,,,75032.0
603,603,Home,,,75094.0
604,604,Home,,,75004.0
605,605,Home,,,75036.0
606,606,Home,32742 Fieldstone Plaza,Texas,75051.0
607,607,Home,509 Cherokee Circle,Texas,75014.0
608,608,Home,04 Randy Circle,Texas,75078.0
609,609,Home,59 Talisman Road,Texas,75019.0
610,610,Home,43 Macpherson Terrace,Texas,75098.0
611,611,Home,,,75077.0
612,612,Home,188 Summerview Way,Texas,
613,613,Home,0327 Monica Avenue,Texas,75009.0
614,614,Home,72 Macpherson Avenue,Texas,75021.0
615,615,Home,26807 Bayside Point,Texas,75050.0
616,616,Home,877 Fairview Road,Texas,75071.0
617,617,Home,51 Almo Circle,Texas,75082.0
618,618,Home,390 Garrison Place,Texas,75096.0
619,619,Home,,,75037.0
620,620,Home,22191 Declaration Plaza,Texas,75076.0
621,621,Home,09440 Oak Junction,Texas,
622,622,Home,,,75075.0
623,623,Home,417 Lighthouse Bay Lane,Texas,75051.0
624,624,Home,26 Gale Street,Texas,
625,625,Home,67 Cottonwood Plaza,Texas,75091.0
626,626,Home,,,75093.0
627,627,Home,0236 Memorial Park,Texas,75048.0
628,628,Home,,,
629,629,Home,7 5th Place,Texas,
630,630,Home,2 High Crossing Way,Texas,
631,631,Home,,,75021.0
632,632,Home,1 Blackbird Pass,Texas,75032.0
633,633,Home,6 Anzinger Street,Texas,75027.0
634,634,Home,15 Maywood Center,Texas,75084.0
635,635,Home,9716 Michigan Plaza,Texas,
636,636,Home,28 Iowa Crossing,Texas,
637,637,Home,5 Reinke Center,Texas,75044.0
638,638,Home,,,
639,639,Home,4090 Loeprich Place,Texas,75036.0
640,640,Home,88 Harbort Alley,Texas,
641,641,Home,981 Rockefeller Crossing,Texas,75072.0
642,642,Home,8 Calypso Drive,Texas,75019.0
643,643,Home,3 Memorial Terrace,Texas,75023.0
644,644,Home,,,75069.0
645,645,Home,8240 Dexter Avenue,Texas,75083.0
646,646,Home,478 Birchwood Court,Texas,75045.0
647,647,Home,07 North Way,Texas,
648,648,Home,5285 Moose Alley,Texas,
649,649,Home,9 Stephen Way,Texas,75029.0
650,650,Home,3 Jana Avenue,Texas,75012.0
651,651,Home,65148 Marcy Center,Texas,75021.0
652,652,Home,0859 Elmside Point,Texas,75096.0
653,653,Home,,,75093.0
654,654,Home,677 Fordem Court,Texas,75066.0
655,655,Home,4985 Caliangt Trail,Texas,
656,656,Home,,,
657,657,Home,,,75062.0
658,658,Home,33 Farwell Junction,Texas,75056.0
659,659,Home,80253 Gulseth Circle,Texas,75094.0
660,660,Home,48665 Eastwood Drive,Texas,75039.0
661,661,Home,14 4th Road,Texas,
662,662,Home,0 Kinsman Plaza,Texas,75036.0
663,663,Home,02 Onsgard Drive,Texas,
664,664,Home,,,75087.0
665,665,Home,72 Tennessee Park,Texas,75039.0
666,666,Home,958 Prairieview Court,Texas,
667,667,Home,2674 Monument Crossing,Texas,75087.0
668,668,Home,801 Stephen Point,Texas,
669,669,Home,6141 Summit Crossing,Texas,
670,670,Home,855 Ramsey Lane,Texas,75007.0
671,671,Home,,,75044.0
672,672,Home,2857 Weeping Birch Center,Texas,75020.0
673,673,Home,692 Atwood Drive,Texas,
674,674,Home,5 Claremont Junction,Texas,75043.0
675,675,Home,436 Fremont Circle,Texas,75052.0
676,676,Home,65146 Summer Ridge Crossing,Texas,
677,677,Home,1766 Mifflin Court,Texas,75068.0
678,678,Home,3133 Swallow Circle,Texas,75057.0
679,679,Home,219 Oxford Street,Texas,75080.0
680,680,Home,0 Daystar Avenue,Texas,
681,681,Home,,,
682,682,Home,,,75011.0
683,683,Home,3325 Bartelt Place,Texas,75011.0
684,684,Home,21 Brickson Park Plaza,Texas,
685,685,Home,,,75081.0
686,686,Home,,,
687,687,Home,97 Hooker Point,Texas,
688,688,Home,,,75014.0
689,689,Home,10220 Golden Leaf Lane,Texas,75057.0
690,690,Home,7746 Sommers Circle,Texas,
691,691,Home,6417 Mccormick Lane,Texas,75007.0
692,692,Home,70662 Oak Valley Terrace,Texas,75088.0
693,693,Home,77873 Annamark Drive,Texas,75055.0
694,694,Home,,,75011.0
695,695,Home,,,75097.0
696,696,Home,69493 Amoth Alley,Texas,75023.0
697,697,Home,53 Harbort Center,Texas,75033.0
698,698,Home,84579 Blackbird Street,Texas,75035.0
699,699,Home,9 Manley Lane,Texas,75049.0
700,700,Home,0 Summit Alley,Texas,
701,701,Home,7714 Mifflin Street,Texas,75043.0
702,702,Home,,,
703,703,Home,7260 Laurel Alley,Texas,75064.0
704,704,Home,2 Eliot Way,Texas,75082.0
705,705,Home,06 Knutson Place,Texas,75022.0
706,706,Home,9878 Caliangt Plaza,Texas,75045.0
707,707,Home,17946 Union Drive,Texas,75085.0
708,708,Home,6 6th Place,Texas,75040.0
709,709,Home,1684 Crest Line Trail,Texas,75085.0
710,710,Home,6161 Clyde Gallagher Parkway,Texas,75034.0
711,711,Home,3 Troy Road,Texas,
712,712,Home,4169 Namekagon Park,Texas,75015.0
713,713,Home,,,75038.0
714,714,Home,3 Spaight Hill,Texas,75012.0
715,715,Home,4530 Schurz Pass,Texas,75021.0
716,716,Home,9 Rowland Pass,Texas,75044.0
717,717,Home,13053 American Drive,Texas,75004.0
718,718,Home,,,75016.0
719,719,Home,,,75090.0
720,720,Home,2132 Eastwood Place,Texas,75076.0
721,721,Home,0758 Kings Drive,Texas,
722,722,Home,59 Emmet Crossing,Texas,75069.0
723,723,Home,93 Dapin Court,Texas,75024.0
724,724,Home,2 Dahle Hill,Texas,
725,725,Home,27 Continental Lane,Texas,
726,726,Home,09 Springs Avenue,Texas,75035.0
727,727,Home,77822 Delladonna Terrace,Texas,75068.0
728,728,Home,868 Farmco Center,Texas,75003.0
729,729,Home,,,75025.0
730,730,Home,,,75066.0
731,731,Home,24 Center Hill,Texas,75038.0
732,732,Home,1473 Farmco Circle,Texas,75050.0
733,733,Home,07389 Dorton Park,Texas,75077.0
734,734,Home,9 Russell Parkway,Texas,75034.0
735,735,Home,990 Northview Court,Texas,75057.0
736,736,Home,00818 Springs Court,Texas,75032.0
737,737,Home,352 Westridge Parkway,Texas,75050.0
738,738,Home,22 Magdeline Street,Texas,75063.0
739,739,Home,,,
740,740,Home,929 Weeping Birch Avenue,Texas,75056.0
741,741,Home,,,
742,742,Home,861 Lakewood Crossing,Texas,
743,743,Home,156 Maryland Court,Texas,
744,744,Home,345 Erie Pass,Texas,75052.0
745,745,Home,4 Mallory Point,Texas,
746,746,Home,8772 Iowa Road,Texas,75065.0
747,747,Home,57 Hermina Center,Texas,75025.0
748,748,Home,,,75082.0
749,749,Home,,,75076.0
750,750,Home,,,
751,751,Home,820 Becker Trail,Texas,
752,752,Home,92 Onsgard Point,Texas,75043.0
753,753,Home,,,75081.0
754,754,Home,6342 Eastwood Trail,Texas,75008.0
755,755,Home,,,75037.0
756,756,Home,,,75014.0
757,757,Home,8332 Larry Center,Texas,75005.0
758,758,Home,66 Jenifer Avenue,Texas,
759,759,Home,77474 Anhalt Junction,Texas,75094.0
760,760,Home,23 Scott Plaza,Texas,75076.0
761,761,Home,5236 Linden Park,Texas,
762,762,Home,581 2nd Avenue,Texas,75029.0
763,763,Home,80509 Glendale Circle,Texas,75076.0
764,764,Home,,,75069.0
765,765,Home,905 Muir Circle,Texas,75062.0
766,766,Home,,,
767,767,Home,6190 Sutherland Circle,Texas,
768,768,Home,9022 Shopko Lane,Texas,
769,769,Home,1384 Arizona Road,Texas,75046.0
770,770,Home,96058 Lakewood Place,Texas,75028.0
771,771,Home,,,75080.0
772,772,Home,63 Jenifer Parkway,Texas,
773,773,Home,120 Loomis Avenue,Texas,75086.0
774,774,Home,20022 Marcy Hill,Texas,75054.0
775,775,Home,40973 Victoria Center,Texas,75080.0
776,776,Home,,,
777,777,Home,,,75010.0
778,778,Home,,,75038.0
779,779,Home,,,
780,780,Home,32266 Bartillon Avenue,Texas,
781,781,Home,42352 Fuller Way,Texas,
782,782,Home,75395 Luster Plaza,Texas,
783,783,Home,22617 Farragut Park,Texas,75021.0
784,784,Home,,,75088.0
785,785,Home,,,
786,786,Home,808 Weeping Birch Lane,Texas,
787,787,Home,3088 Troy Trail,Texas,75074.0
788,788,Home,,,75009.0
789,789,Home,72330 Emmet Circle,Texas,75093.0
790,790,Home,7 Armistice Place,Texas,75064.0
791,791,Home,5 Schmedeman Plaza,Texas,
792,792,Home,07 Rockefeller Hill,Texas,75044.0
793,793,Home,84513 Heath Pass,Texas,75026.0
794,794,Home,24976 Eagan Parkway,Texas,75065.0
795,795,Home,,,75035.0
796,796,Home,,,75039.0
797,797,Home,6 Tomscot Point,Texas,
798,798,Home,263 1st Street,Texas,75040.0
799,799,Home,75023 Carioca Drive,Texas,75013.0
800,800,Home,16 Acker Center,Texas,75099.0
801,801,Home,903 Becker Avenue,Texas,75057.0
802,802,Home,3649 Judy Pass,Texas,
803,803,Home,959 Tony Alley,Texas,75012.0
804,804,Home,2694 Pankratz Avenue,Texas,75014.0
805,805,Home,23 Waxwing Center,Texas,
806,806,Home,1476 Ramsey Street,Texas,75046.0
807,807,Home,91870 Nevada Trail,Texas,75066.0
808,808,Home,9 New Castle Hill,Texas,75043.0
809,809,Home,1909 Farmco Alley,Texas,75021.0
810,810,Home,335 Forest Drive,Texas,75009.0
811,811,Home,24942 Talisman Pass,Texas,75032.0
812,812,Home,2 Bashford Terrace,Texas,75064.0
813,813,Home,26 Roxbury Terrace,Texas,75011.0
814,814,Home,28 7th Lane,Texas,
815,815,Home,5 Messerschmidt Street,Texas,75069.0
816,816,Home,592 Park Meadow Center,Texas,75060.0
817,817,Home,15752 Lillian Pass,Texas,75034.0
818,818,Home,1159 Harbort Center,Texas,75007.0
819,819,Home,14510 Northfield Street,Texas,75023.0
820,820,Home,2171 Aberg Crossing,Texas,
821,821,Home,5 Dorton Crossing,Texas,75050.0
822,822,Home,2114 Ramsey Lane,Texas,75014.0
823,823,Home,05 Oxford Way,Texas,
824,824,Home,4525 Fulton Alley,Texas,75070.0
825,825,Home,9412 Kennedy Plaza,Texas,75050.0
826,826,Home,8 Monica Park,Texas,75075.0
827,827,Home,1 Manley Circle,Texas,75052.0
828,828,Home,46 Bayside Point,Texas,75052.0
829,829,Home,,,75006.0
830,830,Home,,,75086.0
831,831,Home,14320 Beilfuss Hill,Texas,75033.0
832,832,Home,97 Holmberg Place,Texas,
833,833,Home,27 Vahlen Street,Texas,75040.0
834,834,Home,46311 Caliangt Street,Texas,75030.0
835,835,Home,54 Novick Avenue,Texas,
836,836,Home,09 Butternut Plaza,Texas,75044.0
837,837,Home,447 7th Pass,Texas,75038.0
838,838,Home,0559 Mosinee Park,Texas,75020.0
839,839,Home,96 Miller Plaza,Texas,75098.0
840,840,Home,,,75029.0
841,841,Home,1225 Corscot Lane,Texas,75099.0
842,842,Home,,,
843,843,Home,31006 Londonderry Pass,Texas,75065.0
844,844,Home,,,
845,845,Home,13 Park Meadow Way,Texas,75065.0
846,846,Home,9 Stephen Court,Texas,
847,847,Home,,,75022.0
848,848,Home,827 Riverside Lane,Texas,75063.0
849,849,Home,,,75032.0
850,850,Home,2791 Susan Circle,Texas,75093.0
851,851,Home,,,
852,852,Home,,,
853,853,Home,4 Charing Cross Hill,Texas,75017.0
854,854,Home,8314 Dennis Junction,Texas,75001.0
855,855,Home,925 Rieder Junction,Texas,75052.0
856,856,Home,9 Ohio Street,Texas,
857,857,Home,52 2nd Circle,Texas,
858,858,Home,16 Maryland Center,Texas,
859,859,Home,,,75049.0
860,860,Home,7 Fairfield Drive,Texas,75066.0
861,861,Home,,,75060.0
862,862,Home,1295 Warbler Court,Texas,75032.0
863,863,Home,93552 Muir Plaza,Texas,75059.0
864,864,Home,8 Stoughton Terrace,Texas,75096.0
865,865,Home,2 Rutledge Lane,Texas,75019.0
866,866,Home,57250 Butternut Alley,Texas,75065.0
867,867,Home,,,
868,868,Home,708 Grover Parkway,Texas,75083.0
869,869,Home,,,75004.0
870,870,Home,8590 Cardinal Place,Texas,
871,871,Home,9 John Wall Terrace,Texas,75024.0
872,872,Home,93 Butterfield Center,Texas,75084.0
873,873,Home,65458 Glacier Hill Plaza,Texas,75064.0
874,874,Home,2498 Quincy Lane,Texas,
875,875,Home,959 Hallows Plaza,Texas,75061.0
876,876,Home,60 Ridgeway Plaza,Texas,
877,877,Home,7272 Hayes Point,Texas,75008.0
878,878,Home,6 Golf Parkway,Texas,75003.0
879,879,Home,2 Grover Plaza,Texas,75038.0
880,880,Home,17226 Arapahoe Parkway,Texas,
881,881,Home,,,
882,882,Home,25 Arrowood Circle,Texas,75053.0
883,883,Home,9 Springs Circle,Texas,75021.0
884,884,Home,84964 Division Avenue,Texas,75022.0
885,885,Home,849 1st Circle,Texas,
886,886,Home,,,75038.0
887,887,Home,,,
888,888,Home,,,75019.0
889,889,Home,84 Schmedeman Lane,Texas,75022.0
890,890,Home,9 Montana Plaza,Texas,75061.0
891,891,Home,,,75010.0
892,892,Home,25181 La Follette Place,Texas,75056.0
893,893,Home,,,75065.0
894,894,Home,8118 Eastlawn Parkway,Texas,75057.0
895,895,Home,951 Forest Run Plaza,Texas,75064.0
896,896,Home,,,75013.0
897,897,Home,5013 Ilene Hill,Texas,
898,898,Home,8 Blaine Pass,Texas,
899,899,Home,9463 Lake View Road,Texas,75059.0
900,900,Home,334 Almo Avenue,Texas,75070.0
901,901,Home,9 Moulton Avenue,Texas,75052.0
902,902,Home,0695 Dakota Terrace,Texas,75069.0
903,903,Home,472 Kennedy Road,Texas,75032.0
904,904,Home,9772 Eastwood Circle,Texas,75080.0
905,905,Home,08299 Lillian Drive,Texas,75076.0
906,906,Home,4 Porter Circle,Texas,75016.0
907,907,Home,904 Fremont Way,Texas,75090.0
908,908,Home,43 Randy Avenue,Texas,
909,909,Home,87470 Northfield Circle,Texas,75088.0
910,910,Home,72792 Donald Avenue,Texas,
911,911,Home,3 Walton Point,Texas,75064.0
912,912,Home,06 Reinke Point,Texas,
913,913,Home,,,75083.0
914,914,Home,,,75085.0
915,915,Home,26218 Prairieview Road,Texas,
916,916,Home,5181 Hanson Avenue,Texas,75087.0
917,917,Home,50 Eastwood Junction,Texas,75045.0
918,918,Home,8 Dapin Center,Texas,
919,919,Home,,,75009.0
920,920,Home,20776 Wayridge Hill,Texas,
921,921,Home,,,75006.0
922,922,Home,34866 Lindbergh Circle,Texas,75086.0
923,923,Home,11950 Meadow Ridge Street,Texas,75086.0
924,924,Home,634 Dennis Drive,Texas,75054.0
925,925,Home,6 Steensland Plaza,Texas,75037.0
926,926,Home,0 Haas Alley,Texas,
927,927,Home,9835 Kropf Terrace,Texas,75009.0
928,928,Home,,,75018.0
929,929,Home,4768 Bay Pass,Texas,
930,930,Home,93 Lotheville Hill,Texas,75089.0
931,931,Home,9 Longview Pass,Texas,
932,932,Home,16872 Mosinee Place,Texas,75033.0
933,933,Home,,,
934,934,Home,5271 Drewry Circle,Texas,
935,935,Home,64 Morningstar Junction,Texas,75075.0
936,936,Home,16689 Sunfield Center,Texas,
937,937,Home,8 Granby Junction,Texas,75093.0
938,938,Home,0 Grim Trail,Texas,75026.0
939,939,Home,306 Graceland Drive,Texas,75094.0
940,940,Home,4191 Del Sol Street,Texas,75049.0
941,941,Home,290 Londonderry Drive,Texas,
942,942,Home,3 Saint Paul Pass,Texas,75064.0
943,943,Home,66 Surrey Circle,Texas,75082.0
944,944,Home,,,
945,945,Home,51 Northridge Court,Texas,75010.0
946,946,Home,4 John Wall Park,Texas,75067.0
947,947,Home,,,75020.0
948,948,Home,88714 Hayes Junction,Texas,75005.0
949,949,Home,497 Macpherson Alley,Texas,75018.0
950,950,Home,06661 Westport Plaza,Texas,75073.0
951,951,Home,46513 Granby Lane,Texas,
952,952,Home,5 Merry Crossing,Texas,75055.0
953,953,Home,83 Mcguire Plaza,Texas,75092.0
954,954,Home,88888 Anthes Park,Texas,75033.0
955,955,Home,2167 Village Green Hill,Texas,75077.0
956,956,Home,,,75074.0
957,957,Home,336 Petterle Street,Texas,75087.0
958,958,Home,1 Ludington Place,Texas,
959,959,Home,35 Judy Street,Texas,
960,960,Home,,,75086.0
961,961,Home,5 Mockingbird Point,Texas,75006.0
962,962,Home,,,75008.0
963,963,Home,5 Harper Crossing,Texas,75069.0
964,964,Home,,,75032.0
965,965,Home,768 Brentwood Crossing,Texas,
966,966,Home,,,
967,967,Home,053 Dakota Avenue,Texas,75073.0
968,968,Home,31568 Dakota Crossing,Texas,75024.0
969,969,Home,489 Quincy Hill,Texas,75035.0
970,970,Home,6 Rutledge Parkway,Texas,75047.0
971,971,Home,5452 Walton Junction,Texas,75074.0
972,972,Home,22 Dwight Center,Texas,75033.0
973,973,Home,9 Kim Alley,Texas,75083.0
974,974,Home,17 Killdeer Parkway,Texas,75087.0
975,975,Home,70338 Clyde Gallagher Street,Texas,75036.0
976,976,Home,204 Caliangt Way,Texas,75049.0
977,977,Home,,,
978,978,Home,7637 Burrows Alley,Texas,75085.0
979,979,Home,,,75001.0
980,980,Home,0 Colorado Way,Texas,
981,981,Home,07151 Anderson Trail,Texas,75079.0
982,982,Home,0 Annamark Alley,Texas,75098.0
983,983,Home,5 Coleman Lane,Texas,75001.0
984,984,Home,853 5th Terrace,Texas,
985,985,Home,46789 Moulton Crossing,Texas,75099.0
986,986,Home,,,
987,987,Home,1 Thierer Drive,Texas,75017.0
988,988,Home,7 Brown Hill,Texas,75077.0
989,989,Home,8 Huxley Junction,Texas,75029.0
990,990,Home,70 Del Mar Junction,Texas,75062.0
991,991,Home,5228 Commercial Crossing,Texas,
992,992,Home,5 Blue Bill Park Street,Texas,75003.0
993,993,Home,51469 Becker Point,Texas,75014.0
994,994,Home,583 Manufacturers Avenue,Texas,
995,995,Home,0648 Lakewood Street,Texas,75006.0
996,996,Home,13 Main Way,Texas,75089.0
997,997,Home,782 Lighthouse Bay Pass,Texas,75060.0
998,998,Home,008 Ryan Center,Texas,
999,999,Home,5729 Farragut Plaza,Texas,75079.0
1000,1000,Home,18201 Novick Circle,Texas,75037.0
1001,1,Work,90103 Glacier Hill Terrace,Texas,75003.0
1002,2,Work,37 Sommers Hill,Texas,75006.0
1003,3,Work,,,
1004,4,Work,3 Mccormick Parkway,Texas,75008.0
1005,5,Work,35836 Banding Way,Texas,75004.0
1006,6,Work,44 Farragut Avenue,Texas,75009.0
1007,7,Work,,,
1008,8,Work,363 Truax Trail,Texas,75005.0
1009,9,Work,17 Clyde Gallagher Alley,Texas,75007.0
1010,10,Work,,,
1011,11,Work,,,
1012,12,Work,,,
1013,13,Work,8705 West Junction,Texas,75008.0
1014,14,Work,,,
1015,15,Work,,,
1016,16,Work,,,
1017,17,Work,3522 Butternut Place,Texas,75001.0
1018,18,Work,,,
1019,19,Work,,,
1020,20,Work,51819 Donald Trail,Texas,75002.0
1021,21,Work,,,
1022,22,Work,3715 Muir Park,Texas,75005.0
1023,23,Work,4 Emmet Junction,Texas,75004.0
1024,24,Work,,,
1025,25,Work,2 Lillian Drive,Texas,75001.0
1026,26,Work,6 Michigan Pass,Texas,75004.0
1027,27,Work,2408 Riverside Parkway,Texas,75007.0
1028,28,Work,,,
1029,29,Work,,,
1030,30,Work,,,
1031,31,Work,81910 Towne Hill,Texas,75007.0
1032,32,Work,,,
1033,33,Work,,,
1034,34,Work,2 Farwell Park,Texas,75008.0
1035,35,Work,5031 Service Trail,Texas,75003.0
1036,36,Work,1096 5th Drive,Texas,75008.0
1037,37,Work,,,
1038,38,Work,,,
1039,39,Work,868 Continental Road,Texas,75005.0
1040,40,Work,66986 Vidon Trail,Texas,75003.0
1041,41,Work,8 Luster Circle,Texas,75004.0
1042,42,Work,97544 Arizona Crossing,Texas,75001.0
1043,43,Work,3 5th Junction,Texas,75008.0
1044,44,Work,,,
1045,45,Work,,,
1046,46,Work,08 Everett Crossing,Texas,75005.0
1047,47,Work,394 Mayfield Drive,Texas,75002.0
1048,48,Work,,,
1049,49,Work,7 Talisman Alley,Texas,75004.0
1050,50,Work,3 Redwing Terrace,Texas,75006.0
1051,51,Work,33 Melby Park,Texas,75003.0
1052,52,Work,,,
1053,53,Work,,,
1054,54,Work,,,
1055,55,Work,9562 Northfield Park,Texas,75009.0
1056,56,Work,853 Mayfield Place,Texas,75005.0
1057,57,Work,,,
1058,58,Work,65588 Claremont Plaza,Texas,75001.0
1059,59,Work,8 Kings Crossing,Texas,75004.0
1060,60,Work,,,
1061,61,Work,4 Saint Paul Junction,Texas,75006.0
1062,62,Work,095 Hagan Center,Texas,75003.0
1063,63,Work,,,
1064,64,Work,00 Haas Road,Texas,75009.0
1065,65,Work,928 Charing Cross Alley,Texas,75007.0
1066,66,Work,3682 American Road,Texas,75003.0
1067,67,Work,,,
1068,68,Work,23469 Annamark Center,Texas,75002.0
1069,69,Work,,,
1070,70,Work,455 Westend Point,Texas,75003.0
1071,71,Work,,,
1072,72,Work,,,
1073,73,Work,9 Mandrake Place,Texas,75004.0
1074,74,Work,4 Ilene Junction,Texas,75009.0
1075,75,Work,,,
1076,76,Work,316 Eagan Circle,Texas,75007.0
1077,77,Work,,,
1078,78,Work,,,
1079,79,Work,,,
1080,80,Work,23 Debra Road,Texas,75003.0
1081,81,Work,,,
1082,82,Work,,,
1083,83,Work,,,
1084,84,Work,82238 Ludington Park,Texas,75003.0
1085,85,Work,005 Derek Terrace,Texas,75002.0
1086,86,Work,351 Shelley Court,Texas,75001.0
1087,87,Work,4 Golf Avenue,Texas,75007.0
1088,88,Work,,,
1089,89,Work,7807 Dakota Pass,Texas,75006.0
1090,90,Work,,,
1091,91,Work,55 Ridgeway Drive,Texas,75008.0
1092,92,Work,2 Dennis Alley,Texas,75002.0
1093,93,Work,,,
1094,94,Work,852 Burning Wood Pass,Texas,75005.0
1095,95,Work,,,
1096,96,Work,6678 Service Circle,Texas,75008.0
1097,97,Work,,,
1098,98,Work,,,
1099,99,Work,5445 Buhler Parkway,Texas,75003.0
1100,100,Work,,,
1101,101,Work,73814 Gerald Park,Texas,75002.0
1102,102,Work,,,
1103,103,Work,,,
1104,104,Work,,,
1105,105,Work,29479 Porter Point,Texas,75005.0
1106,106,Work,9528 Loftsgordon Junction,Texas,75003.0
1107,107,Work,3105 Autumn Leaf Court,Texas,75001.0
1108,108,Work,3175 Green Ridge Court,Texas,75008.0
1109,109,Work,876 Washington Terrace,Texas,75004.0
1110,110,Work,92 Mcbride Road,Texas,75005.0
1111,111,Work,738 Commercial Road,Texas,75002.0
1112,112,Work,,,
1113,113,Work,,,
1114,114,Work,,,
1115,115,Work,1 Loomis Lane,Texas,75002.0
1116,116,Work,396 3rd Alley,Texas,75002.0
1117,117,Work,,,
1118,118,Work,,,
1119,119,Work,80574 Eliot Road,Texas,75001.0
1120,120,Work,5996 Fairview Trail,Texas,75005.0
1121,121,Work,,,
1122,122,Work,,,
1123,123,Work,07 Butternut Avenue,Texas,75005.0
1124,124,Work,,,
1125,125,Work,,,
1126,126,Work,702 Maple Wood Circle,Texas,75002.0
1127,127,Work,,,
1128,128,Work,7948 Sunbrook Crossing,Texas,75008.0
1129,129,Work,,,
1130,130,Work,,,
1131,131,Work,,,
1132,132,Work,,,
1133,133,Work,,,
1134,134,Work,7869 Onsgard Pass,Texas,75008.0
1135,135,Work,,,
1136,136,Work,977 2nd Road,Texas,75006.0
1137,137,Work,077 Ilene Terrace,Texas,75001.0
1138,138,Work,6 6th Pass,Texas,75002.0
1139,139,Work,,,
1140,140,Work,,,
1141,141,Work,83 Namekagon Lane,Texas,75001.0
1142,142,Work,49298 Pierstorff Center,Texas,75009.0
1143,143,Work,255 Lukken Court,Texas,75001.0
1144,144,Work,62089 Transport Plaza,Texas,75001.0
1145,145,Work,5874 Granby Alley,Texas,75008.0
1146,146,Work,,,
1147,147,Work,563 Kedzie Court,Texas,75004.0
1148,148,Work,,,
1149,149,Work,,,
1150,150,Work,0 Blue Bill Park Pass,Texas,75001.0
1151,151,Work,,,
1152,152,Work,,,
1153,153,Work,,,
1154,154,Work,,,
1155,155,Work,,,
1156,156,Work,67 Evergreen Way,Texas,75004.0
1157,157,Work,,,
1158,158,Work,7390 Brickson Park Junction,Texas,75002.0
1159,159,Work,,,
1160,160,Work,555 Macpherson Point,Texas,75009.0
1161,161,Work,2 Prentice Park,Texas,75004.0
1162,162,Work,50 John Wall Street,Texas,75006.0
1163,163,Work,,,
1164,164,Work,435 Dwight Pass,Texas,75006.0
1165,165,Work,00464 Kenwood Circle,Texas,75003.0
1166,166,Work,,,
1167,167,Work,4368 Montana Parkway,Texas,75006.0
1168,168,Work,,,
1169,169,Work,25 Scofield Pass,Texas,75008.0
1170,170,Work,,,
1171,171,Work,,,
1172,172,Work,8 Jenifer Terrace,Texas,75008.0
1173,173,Work,06606 Cordelia Way,Texas,75007.0
1174,174,Work,,,
1175,175,Work,32 Farragut Drive,Texas,75009.0
1176,176,Work,73397 Blaine Trail,Texas,75002.0
1177,177,Work,,,
1178,178,Work,,,
1179,179,Work,2930 Reindahl Pass,Texas,75003.0
1180,180,Work,5 Pond Place,Texas,75008.0
1181,181,Work,5540 Luster Center,Texas,75004.0
1182,182,Work,,,
1183,183,Work,95 Barnett Terrace,Texas,75009.0
1184,184,Work,719 Kensington Park,Texas,75009.0
1185,185,Work,1202 Autumn Leaf Street,Texas,75007.0
1186,186,Work,,,
1187,187,Work,,,
1188,188,Work,4440 Spenser Pass,Texas,75002.0
1189,189,Work,,,
1190,190,Work,,,
1191,191,Work,,,
1192,192,Work,0 Porter Place,Texas,75001.0
1193,193,Work,,,
1194,194,Work,,,
1195,195,Work,,,
1196,196,Work,386 Cordelia Crossing,Texas,75009.0
1197,197,Work,,,
1198,198,Work,46162 Fuller Drive,Texas,75005.0
1199,199,Work,12259 Ruskin Crossing,Texas,75008.0
1200,200,Work,,,
1201,201,Work,7321 Declaration Alley,Texas,75006.0
1202,202,Work,,,
1203,203,Work,,,
1204,204,Work,50544 Sutherland Drive,Texas,75008.0
1205,205,Work,,,
1206,206,Work,74 Thackeray Road,Texas,75008.0
1207,207,Work,4155 Holmberg Avenue,Texas,75003.0
1208,208,Work,,,
1209,209,Work,,,
1210,210,Work,26 Cardinal Point,Texas,75007.0
1211,211,Work,,,
1212,212,Work,59544 Tomscot Pass,Texas,75006.0
1213,213,Work,66 Valley Edge Terrace,Texas,75001.0
1214,214,Work,,,
1215,215,Work,,,
1216,216,Work,858 Red Cloud Trail,Texas,75002.0
1217,217,Work,019 Utah Circle,Texas,75004.0
1218,218,Work,14 Talisman Street,Texas,75009.0
1219,219,Work,,,
1220,220,Work,,,
1221,221,Work,,,
1222,222,Work,4 Roth Road,Texas,75009.0
1223,223,Work,75 Evergreen Road,Texas,75005.0
1224,224,Work,,,
1225,225,Work,,,
1226,226,Work,,,
1227,227,Work,644 Towne Junction,Texas,75004.0
1228,228,Work,,,
1229,229,Work,3387 Old Shore Pass,Texas,75005.0
1230,230,Work,,,
1231,231,Work,,,
1232,232,Work,,,
1233,233,Work,049 Lerdahl Avenue,Texas,75002.0
1234,234,Work,,,
1235,235,Work,,,
1236,236,Work,,,
1237,237,Work,,,
1238,238,Work,,,
1239,239,Work,49001 Superior Place,Texas,75004.0
1240,240,Work,,,
1241,241,Work,2975 Clemons Junction,Texas,75002.0
1242,242,Work,40898 Sunbrook Junction,Texas,75009.0
1243,243,Work,58664 Florence Center,Texas,75003.0
1244,244,Work,8 Little Fleur Road,Texas,75006.0
1245,245,Work,,,
1246,246,Work,,,
1247,247,Work,48607 Pankratz Crossing,Texas,75008.0
1248,248,Work,960 Sunnyside Hill,Texas,75009.0
1249,249,Work,71 Gerald Road,Texas,75007.0
1250,250,Work,,,
1251,251,Work,9 Declaration Street,Texas,75005.0
1252,252,Work,12969 Lighthouse Bay Lane,Texas,75005.0
1253,253,Work,0615 Hooker Way,Texas,75002.0
1254,254,Work,8412 Anhalt Road,Texas,75001.0
1255,255,Work,00752 Carey Avenue,Texas,75006.0
1256,256,Work,7529 Upham Drive,Texas,75009.0
1257,257,Work,,,
1258,258,Work,1 Paget Trail,Texas,75001.0
1259,259,Work,,,
1260,260,Work,,,
1261,261,Work,,,
1262,262,Work,21 Summit Terrace,Texas,75005.0
1263,263,Work,6 Fremont Park,Texas,75009.0
1264,264,Work,1 Prentice Terrace,Texas,75008.0
1265,265,Work,93 Waywood Way,Texas,75009.0
1266,266,Work,1 Drewry Alley,Texas,75006.0
1267,267,Work,61216 Tony Lane,Texas,75002.0
1268,268,Work,,,
1269,269,Work,,,
1270,270,Work,,,
1271,271,Work,01 Delaware Parkway,Texas,75001.0
1272,272,Work,1139 Saint Paul Way,Texas,75008.0
1273,273,Work,51 Swallow Circle,Texas,75002.0
1274,274,Work,,,
1275,275,Work,5212 Brown Way,Texas,75005.0
1276,276,Work,85 Portage Point,Texas,75009.0
1277,277,Work,,,
1278,278,Work,,,
1279,279,Work,3 Melvin Parkway,Texas,75006.0
1280,280,Work,,,
1281,281,Work,,,
1282,282,Work,254 Judy Parkway,Texas,75005.0
1283,283,Work,,,
1284,284,Work,,,
1285,285,Work,,,
1286,286,Work,59935 High Crossing Park,Texas,75003.0
1287,287,Work,,,
1288,288,Work,11982 Fordem Alley,Texas,75009.0
1289,289,Work,,,
1290,290,Work,318 Grover Hill,Texas,75005.0
1291,291,Work,91 Barnett Drive,Texas,75008.0
1292,292,Work,323 Westridge Alley,Texas,75002.0
1293,293,Work,,,
1294,294,Work,,,
1295,295,Work,,,
1296,296,Work,4137 Almo Street,Texas,75004.0
1297,297,Work,,,
1298,298,Work,,,
1299,299,Work,,,
1300,300,Work,8357 Lakewood Point,Texas,75002.0
1301,301,Work,,,
1302,302,Work,,,
1303,303,Work,,,
1304,304,Work,5917 Upham Point,Texas,75005.0
1305,305,Work,,,
1306,306,Work,,,
1307,307,Work,,,
1308,308,Work,626 Lakewood Gardens Circle,Texas,75005.0
1309,309,Work,0 Del Sol Avenue,Texas,75003.0
1310,310,Work,39649 Esker Center,Texas,75005.0
1311,311,Work,,,
1312,312,Work,,,
1313,313,Work,7726 Anderson Park,Texas,75002.0
1314,314,Work,59368 Briar Crest Crossing,Texas,75007.0
1315,315,Work,8191 Holmberg Avenue,Texas,75002.0
1316,316,Work,,,
1317,317,Work,,,
1318,318,Work,,,
1319,319,Work,,,
1320,320,Work,38748 Merry Lane,Texas,75009.0
1321,321,Work,,,
1322,322,Work,,,
1323,323,Work,449 Stang Court,Texas,75001.0
1324,324,Work,3 Harbort Pass,Texas,75006.0
1325,325,Work,9 Hansons Terrace,Texas,75007.0
1326,326,Work,,,
1327,327,Work,409 Mayfield Trail,Texas,75001.0
1328,328,Work,,,
1329,329,Work,5 Golf Avenue,Texas,75003.0
1330,330,Work,,,
1331,331,Work,8 Mockingbird Place,Texas,75004.0
1332,332,Work,,,
1333,333,Work,5289 Jay Park,Texas,75005.0
1334,334,Work,,,
1335,335,Work,,,
1336,336,Work,,,
1337,337,Work,65279 Dakota Avenue,Texas,75009.0
1338,338,Work,,,
1339,339,Work,,,
1340,340,Work,8504 Sunfield Hill,Texas,75004.0
1341,341,Work,9 Truax Court,Texas,75006.0
1342,342,Work,795 Merchant Center,Texas,75008.0
1343,343,Work,,,
1344,344,Work,,,
1345,345,Work,29889 Bunting Trail,Texas,75009.0
1346,346,Work,8 Homewood Hill,Texas,75009.0
1347,347,Work,,,
1348,348,Work,1678 Kings Court,Texas,75007.0
1349,349,Work,7906 Dovetail Hill,Texas,75005.0
1350,350,Work,,,
1351,351,Work,595 Mesta Center,Texas,75004.0
1352,352,Work,558 Annamark Parkway,Texas,75008.0
1353,353,Work,,,
1354,354,Work,,,
1355,355,Work,93 Ruskin Hill,Texas,75002.0
1356,356,Work,9359 Independence Road,Texas,75004.0
1357,357,Work,20 Florence Road,Texas,75003.0
1358,358,Work,7481 Orin Crossing,Texas,75001.0
1359,359,Work,,,
1360,360,Work,,,
1361,361,Work,,,
1362,362,Work,9 Ramsey Point,Texas,75003.0
1363,363,Work,5 Schlimgen Junction,Texas,75001.0
1364,364,Work,78 Anhalt Way,Texas,75006.0
1365,365,Work,,,
1366,366,Work,68 Crownhardt Drive,Texas,75001.0
1367,367,Work,,,
1368,368,Work,,,
1369,369,Work,8437 Debra Street,Texas,75001.0
1370,370,Work,56443 Merchant Court,Texas,75002.0
1371,371,Work,27520 Coleman Junction,Texas,75001.0
1372,372,Work,79 Farragut Junction,Texas,75008.0
1373,373,Work,34948 Sunnyside Center,Texas,75007.0
1374,374,Work,3233 Southridge Parkway,Texas,75006.0
1375,375,Work,6 Sauthoff Park,Texas,75001.0
1376,376,Work,,,
1377,377,Work,,,
1378,378,Work,,,
1379,379,Work,22 Burrows Circle,Texas,75003.0
1380,380,Work,,,
1381,381,Work,9813 Brickson Park Pass,Texas,75004.0
1382,382,Work,1 Golf Circle,Texas,75001.0
1383,383,Work,06 Anniversary Crossing,Texas,75001.0
1384,384,Work,9 Mifflin Point,Texas,75001.0
1385,385,Work,,,
1386,386,Work,307 Anhalt Point,Texas,75006.0
1387,387,Work,6 Canary Center,Texas,75004.0
1388,388,Work,88 Mifflin Hill,Texas,75003.0
1389,389,Work,,,
1390,390,Work,041 Grover Avenue,Texas,75008.0
1391,391,Work,,,
1392,392,Work,91 Katie Lane,Texas,75002.0
1393,393,Work,,,
1394,394,Work,20 Barby Parkway,Texas,75003.0
1395,395,Work,634 Schiller Hill,Texas,75002.0
1396,396,Work,,,
1397,397,Work,,,
1398,398,Work,,,
1399,399,Work,33845 Drewry Terrace,Texas,75002.0
1400,400,Work,,,
1401,401,Work,75007 Village Parkway,Texas,75007.0
1402,402,Work,764 Tennyson Center,Texas,75002.0
1403,403,Work,557 Daystar Parkway,Texas,75005.0
1404,404,Work,,,
1405,405,Work,74472 Valley Edge Crossing,Texas,75009.0
1406,406,Work,,,
1407,407,Work,7 Northwestern Terrace,Texas,75007.0
1408,408,Work,906 Mcguire Junction,Texas,75009.0
1409,409,Work,,,
1410,410,Work,0 7th Avenue,Texas,75003.0
1411,411,Work,,,
1412,412,Work,03 Dorton Point,Texas,75007.0
1413,413,Work,,,
1414,414,Work,,,
1415,415,Work,0792 Reindahl Terrace,Texas,75006.0
1416,416,Work,,,
1417,417,Work,816 Riverside Alley,Texas,75002.0
1418,418,Work,,,
1419,419,Work,,,
1420,420,Work,430 Mcbride Street,Texas,75009.0
1421,421,Work,0602 Old Shore Place,Texas,75008.0
1422,422,Work,335 Fremont Park,Texas,75002.0
1423,423,Work,322 Declaration Trail,Texas,75002.0
1424,424,Work,9 Hanover Park,Texas,75001.0
1425,425,Work,532 Truax Drive,Texas,75001.0
1426,426,Work,31345 Manley Crossing,Texas,75003.0
1427,427,Work,,,
1428,428,Work,,,
1429,429,Work,6 8th Place,Texas,75005.0
1430,430,Work,50840 Tomscot Lane,Texas,75008.0
1431,431,Work,,,
1432,432,Work,,,
1433,433,Work,,,
1434,434,Work,2683 Comanche Court,Texas,75004.0
1435,435,Work,049 Waywood Crossing,Texas,75006.0
1436,436,Work,,,
1437,437,Work,,,
1438,438,Work,,,
1439,439,Work,,,
1440,440,Work,,,
1441,441,Work,,,
1442,442,Work,56 Carpenter Plaza,Texas,75006.0
1443,443,Work,89656 Gateway Junction,Texas,75001.0
1444,444,Work,80 High Crossing Pass,Texas,75006.0
1445,445,Work,,,
1446,446,Work,0830 Kingsford Center,Texas,75006.0
1447,447,Work,18 Dexter Point,Texas,75001.0
1448,448,Work,,,
1449,449,Work,,,
1450,450,Work,,,
1451,451,Work,,,
1452,452,Work,,,
1453,453,Work,539 Canary Point,Texas,75005.0
1454,454,Work,,,
1455,455,Work,98 Harper Avenue,Texas,75007.0
1456,456,Work,73795 Red Cloud Crossing,Texas,75005.0
1457,457,Work,,,
1458,458,Work,,,
1459,459,Work,,,
1460,460,Work,57092 Clarendon Lane,Texas,75005.0
1461,461,Work,,,
1462,462,Work,,,
1463,463,Work,,,
1464,464,Work,,,
1465,465,Work,694 High Crossing Drive,Texas,75002.0
1466,466,Work,64077 Stuart Street,Texas,75001.0
1467,467,Work,0603 Debs Terrace,Texas,75003.0
1468,468,Work,,,
1469,469,Work,83 Anderson Parkway,Texas,75004.0
1470,470,Work,5059 Summer Ridge Circle,Texas,75007.0
1471,471,Work,17 Blaine Court,Texas,75006.0
1472,472,Work,10 Nobel Road,Texas,75008.0
1473,473,Work,,,
1474,474,Work,,,
1475,475,Work,,,
1476,476,Work,,,
1477,477,Work,,,
1478,478,Work,0 Lakewood Plaza,Texas,75001.0
1479,479,Work,4 Grim Road,Texas,75007.0
1480,480,Work,,,
1481,481,Work,7 Starling Lane,Texas,75004.0
1482,482,Work,,,
1483,483,Work,,,
1484,484,Work,,,
1485,485,Work,,,
1486,486,Work,,,
1487,487,Work,3021 Fairview Drive,Texas,75007.0
1488,488,Work,,,
1489,489,Work,,,
1490,490,Work,5 Bluejay Point,Texas,75008.0
1491,491,Work,,,
1492,492,Work,,,
1493,493,Work,100 Forest Dale Court,Texas,75005.0
1494,494,Work,,,
1495,495,Work,,,
1496,496,Work,,,
1497,497,Work,,,
1498,498,Work,2151 Del Mar Junction,Texas,75006.0
1499,499,Work,,,
1500,500,Work,9274 Vermont Circle,Texas,75001.0
1501,501,Work,,,
1502,502,Work,,,
1503,503,Work,,,
1504,504,Work,,,
1505,505,Work,,,
1506,506,Work,80047 Delladonna Pass,Texas,75003.0
1507,507,Work,,,
1508,508,Work,,,
1509,509,Work,74991 Prairieview Alley,Texas,75006.0
1510,510,Work,,,
1511,511,Work,,,
1512,512,Work,,,
1513,513,Work,7354 Harbort Lane,Texas,75007.0
1514,514,Work,,,
1515,515,Work,,,
1516,516,Work,7862 Stephen Park,Texas,75003.0
1517,517,Work,,,
1518,518,Work,69908 School Way,Texas,75003.0
1519,519,Work,3 Shopko Avenue,Texas,75001.0
1520,520,Work,1 Lotheville Parkway,Texas,75001.0
1521,521,Work,93 Lillian Hill,Texas,75009.0
1522,522,Work,,,
1523,523,Work,79568 Oxford Plaza,Texas,75008.0
1524,524,Work,22928 Delaware Terrace,Texas,75009.0
1525,525,Work,,,
1526,526,Work,,,
1527,527,Work,6988 Eastlawn Terrace,Texas,75007.0
1528,528,Work,8 Summer Ridge Drive,Texas,75002.0
1529,529,Work,309 Dorton Street,Texas,75001.0
1530,530,Work,,,
1531,531,Work,7 Homewood Park,Texas,75009.0
1532,532,Work,,,
1533,533,Work,8 Randy Court,Texas,75002.0
1534,534,Work,,,
1535,535,Work,115 Kropf Alley,Texas,75008.0
1536,536,Work,,,
1537,537,Work,0718 Oneill Court,Texas,75001.0
1538,538,Work,,,
1539,539,Work,,,
1540,540,Work,0456 Messerschmidt Junction,Texas,75008.0
1541,541,Work,,,
1542,542,Work,,,
1543,543,Work,,,
1544,544,Work,,,
1545,545,Work,,,
1546,546,Work,6123 Lighthouse Bay Point,Texas,75004.0
1547,547,Work,250 Glacier Hill Circle,Texas,75001.0
1548,548,Work,,,
1549,549,Work,300 Crest Line Point,Texas,75004.0
1550,550,Work,865 Declaration Court,Texas,75009.0
1551,551,Work,,,
1552,552,Work,,,
1553,553,Work,03646 Katie Terrace,Texas,75005.0
1554,554,Work,,,
1555,555,Work,,,
1556,556,Work,89192 Dexter Court,Texas,75008.0
1557,557,Work,150 Park Meadow Drive,Texas,75001.0
1558,558,Work,,,
1559,559,Work,,,
1560,560,Work,83189 Tony Road,Texas,75002.0
1561,561,Work,,,
1562,562,Work,10495 Melby Point,Texas,75002.0
1563,563,Work,,,
1564,564,Work,,,
1565,565,Work,,,
1566,566,Work,,,
1567,567,Work,,,
1568,568,Work,55 Vidon Drive,Texas,75004.0
1569,569,Work,,,
1570,570,Work,446 Nova Road,Texas,75006.0
1571,571,Work,,,
1572,572,Work,66 Paget Point,Texas,75006.0
1573,573,Work,51 Welch Road,Texas,75006.0
1574,574,Work,40 Stoughton Road,Texas,75007.0
1575,575,Work,86178 Hoffman Place,Texas,75008.0
1576,576,Work,97573 Westport Street,Texas,75006.0
1577,577,Work,768 Manley Road,Texas,75008.0
1578,578,Work,,,
1579,579,Work,76477 Hintze Drive,Texas,75009.0
1580,580,Work,942 Superior Terrace,Texas,75002.0
1581,581,Work,6705 Tennyson Junction,Texas,75009.0
1582,582,Work,01518 Gina Terrace,Texas,75008.0
1583,583,Work,3 Upham Pass,Texas,75002.0
1584,584,Work,34 Pennsylvania Alley,Texas,75005.0
1585,585,Work,,,
1586,586,Work,360 Miller Crossing,Texas,75001.0
1587,587,Work,938 Sherman Parkway,Texas,75005.0
1588,588,Work,,,
1589,589,Work,2 Del Mar Crossing,Texas,75009.0
1590,590,Work,,,
1591,591,Work,1470 Fieldstone Point,Texas,75002.0
1592,592,Work,,,
1593,593,Work,,,
1594,594,Work,6446 7th Point,Texas,75002.0
1595,595,Work,,,
1596,596,Work,2787 Gulseth Way,Texas,75004.0
1597,597,Work,,,
1598,598,Work,,,
1599,599,Work,,,
1600,600,Work,,,
1601,601,Work,7 3rd Park,Texas,75008.0
1602,602,Work,297 Stang Circle,Texas,75008.0
1603,603,Work,,,
1604,604,Work,158 Lunder Park,Texas,75004.0
1605,605,Work,73510 Forest Trail,Texas,75006.0
1606,606,Work,659 Continental Plaza,Texas,75005.0
1607,607,Work,,,
1608,608,Work,0780 Spohn Hill,Texas,75001.0
1609,609,Work,14 Magdeline Point,Texas,75008.0
1610,610,Work,,,
1611,611,Work,7 Mockingbird Pass,Texas,75004.0
1612,612,Work,,,
1613,613,Work,,,
1614,614,Work,,,
1615,615,Work,57 Cambridge Crossing,Texas,75009.0
1616,616,Work,0 Valley Edge Alley,Texas,75001.0
1617,617,Work,,,
1618,618,Work,80162 Warner Park,Texas,75008.0
1619,619,Work,,,
1620,620,Work,90323 Grover Lane,Texas,75008.0
1621,621,Work,,,
1622,622,Work,,,
1623,623,Work,5660 Corry Lane,Texas,75008.0
1624,624,Work,,,
1625,625,Work,4889 Scott Junction,Texas,75004.0
1626,626,Work,,,
1627,627,Work,,,
1628,628,Work,4865 Southridge Park,Texas,75006.0
1629,629,Work,00 Messerschmidt Street,Texas,75009.0
1630,630,Work,0557 Stephen Road,Texas,75005.0
1631,631,Work,95630 Old Shore Way,Texas,75007.0
1632,632,Work,926 Vera Drive,Texas,75003.0
1633,633,Work,,,
1634,634,Work,13 Golf View Point,Texas,75005.0
1635,635,Work,,,
1636,636,Work,6565 Delaware Road,Texas,75001.0
1637,637,Work,99883 Crescent Oaks Court,Texas,75004.0
1638,638,Work,90 Lunder Center,Texas,75009.0
1639,639,Work,,,
1640,640,Work,31 Straubel Trail,Texas,75007.0
1641,641,Work,,,
1642,642,Work,09 Fairfield Way,Texas,75002.0
1643,643,Work,,,
1644,644,Work,19679 Farmco Pass,Texas,75002.0
1645,645,Work,8 Columbus Hill,Texas,75002.0
1646,646,Work,29421 Ludington Road,Texas,75006.0
1647,647,Work,9142 Russell Trail,Texas,75004.0
1648,648,Work,,,
1649,649,Work,,,
1650,650,Work,21491 Spaight Lane,Texas,75004.0
1651,651,Work,39 Straubel Circle,Texas,75001.0
1652,652,Work,43 Bultman Lane,Texas,75005.0
1653,653,Work,53 Eastlawn Park,Texas,75004.0
1654,654,Work,26 Hanson Drive,Texas,75004.0
1655,655,Work,830 Dovetail Terrace,Texas,75009.0
1656,656,Work,,,
1657,657,Work,,,
1658,658,Work,16847 Jay Terrace,Texas,75009.0
1659,659,Work,,,
1660,660,Work,,,
1661,661,Work,,,
1662,662,Work,,,
1663,663,Work,,,
1664,664,Work,3 Waubesa Alley,Texas,75002.0
1665,665,Work,72229 Harbort Plaza,Texas,75007.0
1666,666,Work,,,
1667,667,Work,,,
1668,668,Work,6621 Bay Point,Texas,75007.0
1669,669,Work,,,
1670,670,Work,,,
1671,671,Work,,,
1672,672,Work,,,
1673,673,Work,,,
1674,674,Work,45 Pierstorff Parkway,Texas,75005.0
1675,675,Work,,,
1676,676,Work,97 Main Park,Texas,75009.0
1677,677,Work,,,
1678,678,Work,00 Butterfield Drive,Texas,75004.0
1679,679,Work,03953 Bobwhite Plaza,Texas,75005.0
1680,680,Work,,,
1681,681,Work,,,
1682,682,Work,20891 Vernon Plaza,Texas,75004.0
1683,683,Work,8642 Havey Plaza,Texas,75002.0
1684,684,Work,,,
1685,685,Work,,,
1686,686,Work,38283 Kennedy Court,Texas,75005.0
1687,687,Work,2576 Kennedy Road,Texas,75005.0
1688,688,Work,534 Menomonie Street,Texas,75007.0
1689,689,Work,,,
1690,690,Work,15426 Duke Hill,Texas,75008.0
1691,691,Work,266 Jana Plaza,Texas,75001.0
1692,692,Work,75536 Sauthoff Pass,Texas,75003.0
1693,693,Work,68443 Bonner Junction,Texas,75009.0
1694,694,Work,8198 Graedel Terrace,Texas,75009.0
1695,695,Work,,,
1696,696,Work,,,
1697,697,Work,91786 Rockefeller Drive,Texas,75002.0
1698,698,Work,3847 Morningstar Court,Texas,75002.0
1699,699,Work,26 Banding Trail,Texas,75002.0
1700,700,Work,,,
1701,701,Work,6941 Superior Hill,Texas,75001.0
1702,702,Work,83998 Donald Avenue,Texas,75003.0
1703,703,Work,,,
1704,704,Work,,,
1705,705,Work,1322 Fair Oaks Park,Texas,75001.0
1706,706,Work,06754 Meadow Vale Center,Texas,75001.0
1707,707,Work,,,
1708,708,Work,,,
1709,709,Work,93 Moose Alley,Texas,75004.0
1710,710,Work,,,
1711,711,Work,,,
1712,712,Work,,,
1713,713,Work,,,
1714,714,Work,55290 Meadow Vale Lane,Texas,75002.0
1715,715,Work,01053 Pond Terrace,Texas,75007.0
1716,716,Work,2 Meadow Vale Avenue,Texas,75003.0
1717,717,Work,,,
1718,718,Work,,,
1719,719,Work,,,
1720,720,Work,,,
1721,721,Work,,,
1722,722,Work,,,
1723,723,Work,,,
1724,724,Work,,,
1725,725,Work,8180 Brickson Park Hill,Texas,75005.0
1726,726,Work,2 Hollow Ridge Point,Texas,75005.0
1727,727,Work,059 Twin Pines Plaza,Texas,75007.0
1728,728,Work,66535 Red Cloud Alley,Texas,75007.0
1729,729,Work,,,
1730,730,Work,,,
1731,731,Work,,,
1732,732,Work,,,
1733,733,Work,35 Stang Lane,Texas,75001.0
1734,734,Work,72441 Thierer Plaza,Texas,75008.0
1735,735,Work,,,
1736,736,Work,,,
1737,737,Work,35366 Transport Terrace,Texas,75001.0
1738,738,Work,013 Northview Court,Texas,75007.0
1739,739,Work,,,
1740,740,Work,,,
1741,741,Work,,,
1742,742,Work,1 Lillian Center,Texas,75004.0
1743,743,Work,,,
1744,744,Work,902 Emmet Place,Texas,75008.0
1745,745,Work,,,
1746,746,Work,9410 Northridge Crossing,Texas,75005.0
1747,747,Work,9130 Maple Crossing,Texas,75003.0
1748,748,Work,2 Rusk Crossing,Texas,75002.0
1749,749,Work,0 Red Cloud Drive,Texas,75006.0
1750,750,Work,,,
1751,751,Work,81 Dunning Point,Texas,75005.0
1752,752,Work,1 Dixon Circle,Texas,75003.0
1753,753,Work,,,
1754,754,Work,,,
1755,755,Work,28986 Bunker Hill Plaza,Texas,75002.0
1756,756,Work,,,
1757,757,Work,,,
1758,758,Work,,,
1759,759,Work,,,
1760,760,Work,,,
1761,761,Work,69224 Prentice Alley,Texas,75008.0
1762,762,Work,,,
1763,763,Work,93 Division Circle,Texas,75005.0
1764,764,Work,,,
1765,765,Work,,,
1766,766,Work,,,
1767,767,Work,379 Eliot Junction,Texas,75008.0
1768,768,Work,,,
1769,769,Work,69 Clove Drive,Texas,75005.0
1770,770,Work,,,
1771,771,Work,096 Claremont Circle,Texas,75005.0
1772,772,Work,93380 Northfield Hill,Texas,75001.0
1773,773,Work,06050 Sunbrook Park,Texas,75001.0
1774,774,Work,8 Nova Circle,Texas,75001.0
1775,775,Work,35503 Melvin Parkway,Texas,75003.0
1776,776,Work,19 Heffernan Terrace,Texas,75004.0
1777,777,Work,,,
1778,778,Work,6157 Ramsey Alley,Texas,75008.0
1779,779,Work,,,
1780,780,Work,489 Heath Street,Texas,75002.0
1781,781,Work,,,
1782,782,Work,5 Eastlawn Terrace,Texas,75006.0
1783,783,Work,939 Ohio Terrace,Texas,75009.0
1784,784,Work,,,
1785,785,Work,0031 Briar Crest Alley,Texas,75006.0
1786,786,Work,6117 Jenna Place,Texas,75007.0
1787,787,Work,,,
1788,788,Work,3434 Reindahl Road,Texas,75004.0
1789,789,Work,,,
1790,790,Work,4 Service Park,Texas,75002.0
1791,791,Work,8 Carberry Road,Texas,75007.0
1792,792,Work,,,
1793,793,Work,56 Evergreen Circle,Texas,75002.0
1794,794,Work,8 Alpine Lane,Texas,75004.0
1795,795,Work,1783 Glendale Alley,Texas,75003.0
1796,796,Work,96 Calypso Lane,Texas,75001.0
1797,797,Work,,,
1798,798,Work,9925 Algoma Pass,Texas,75006.0
1799,799,Work,,,
1800,800,Work,83 Prairieview Circle,Texas,75002.0
1801,801,Work,4 Springs Avenue,Texas,75009.0
1802,802,Work,,,
1803,803,Work,7323 Monica Circle,Texas,75003.0
1804,804,Work,21529 Everett Court,Texas,75005.0
1805,805,Work,,,
1806,806,Work,,,
1807,807,Work,1525 Duke Avenue,Texas,75002.0
1808,808,Work,4 Golden Leaf Park,Texas,75002.0
1809,809,Work,060 Express Center,Texas,75008.0
1810,810,Work,,,
1811,811,Work,,,
1812,812,Work,118 Magdeline Drive,Texas,75007.0
1813,813,Work,,,
1814,814,Work,02 Sunnyside Junction,Texas,75005.0
1815,815,Work,798 Pond Point,Texas,75007.0
1816,816,Work,,,
1817,817,Work,,,
1818,818,Work,,,
1819,819,Work,,,
1820,820,Work,2584 Milwaukee Center,Texas,75004.0
1821,821,Work,,,
1822,822,Work,,,
1823,823,Work,639 Talisman Road,Texas,75002.0
1824,824,Work,84 7th Crossing,Texas,75008.0
1825,825,Work,,,
1826,826,Work,,,
1827,827,Work,2521 Petterle Junction,Texas,75009.0
1828,828,Work,615 Lunder Hill,Texas,75001.0
1829,829,Work,,,
1830,830,Work,24624 Dovetail Crossing,Texas,75007.0
1831,831,Work,8 Nevada Point,Texas,75003.0
1832,832,Work,,,
1833,833,Work,,,
1834,834,Work,2769 Ramsey Junction,Texas,75002.0
1835,835,Work,945 Hagan Terrace,Texas,75008.0
1836,836,Work,974 Green Center,Texas,75007.0
1837,837,Work,10 Harbort Plaza,Texas,75003.0
1838,838,Work,417 Sachs Point,Texas,75004.0
1839,839,Work,8875 Porter Drive,Texas,75001.0
1840,840,Work,,,
1841,841,Work,6880 Havey Park,Texas,75001.0
1842,842,Work,9797 Summit Terrace,Texas,75002.0
1843,843,Work,,,
1844,844,Work,82863 Superior Circle,Texas,75001.0
1845,845,Work,,,
1846,846,Work,1595 Moland Center,Texas,75002.0
1847,847,Work,7558 Pawling Way,Texas,75001.0
1848,848,Work,06 Vera Street,Texas,75003.0
1849,849,Work,0 Sachtjen Lane,Texas,75009.0
1850,850,Work,,,
1851,851,Work,,,
1852,852,Work,46 Tony Terrace,Texas,75003.0
1853,853,Work,6 Dottie Crossing,Texas,75001.0
1854,854,Work,,,
1855,855,Work,5146 Grayhawk Junction,Texas,75006.0
1856,856,Work,,,
1857,857,Work,4 Mccormick Court,Texas,75005.0
1858,858,Work,,,
1859,859,Work,9520 Schiller Trail,Texas,75006.0
1860,860,Work,,,
1861,861,Work,,,
1862,862,Work,157 Drewry Circle,Texas,75008.0
1863,863,Work,,,
1864,864,Work,,,
1865,865,Work,,,
1866,866,Work,,,
1867,867,Work,41 Marquette Pass,Texas,75005.0
1868,868,Work,35864 Village Green Crossing,Texas,75001.0
1869,869,Work,5458 Starling Avenue,Texas,75004.0
1870,870,Work,18664 Ridgeway Court,Texas,75003.0
1871,871,Work,,,
1872,872,Work,,,
1873,873,Work,,,
1874,874,Work,410 Maple Street,Texas,75007.0
1875,875,Work,,,
1876,876,Work,67232 Brickson Park Street,Texas,75002.0
1877,877,Work,,,
1878,878,Work,,,
1879,879,Work,,,
1880,880,Work,8 Duke Crossing,Texas,75007.0
1881,881,Work,7534 Ludington Hill,Texas,75007.0
1882,882,Work,302 East Center,Texas,75008.0
1883,883,Work,18730 Calypso Place,Texas,75004.0
1884,884,Work,10 Delladonna Junction,Texas,75004.0
1885,885,Work,,,
1886,886,Work,5208 Tennyson Alley,Texas,75004.0
1887,887,Work,9 Kensington Circle,Texas,75006.0
1888,888,Work,,,
1889,889,Work,,,
1890,890,Work,,,
1891,891,Work,036 Welch Pass,Texas,75003.0
1892,892,Work,,,
1893,893,Work,8401 Vidon Center,Texas,75008.0
1894,894,Work,2076 Vernon Junction,Texas,75004.0
1895,895,Work,,,
1896,896,Work,933 Lakewood Terrace,Texas,75006.0
1897,897,Work,,,
1898,898,Work,,,
1899,899,Work,5154 Crowley Drive,Texas,75001.0
1900,900,Work,719 Onsgard Court,Texas,75003.0
1901,901,Work,,,
1902,902,Work,,,
1903,903,Work,09 Dexter Center,Texas,75002.0
1904,904,Work,,,
1905,905,Work,72162 Pond Park,Texas,75008.0
1906,906,Work,11901 Mitchell Crossing,Texas,75006.0
1907,907,Work,,,
1908,908,Work,320 Rutledge Trail,Texas,75005.0
1909,909,Work,7539 Meadow Valley Junction,Texas,75002.0
1910,910,Work,37 Sloan Plaza,Texas,75004.0
1911,911,Work,,,
1912,912,Work,78762 Oak Valley Terrace,Texas,75002.0
1913,913,Work,,,
1914,914,Work,,,
1915,915,Work,866 Heffernan Point,Texas,75005.0
1916,916,Work,49032 7th Drive,Texas,75004.0
1917,917,Work,4 4th Circle,Texas,75002.0
1918,918,Work,9 Loftsgordon Drive,Texas,75001.0
1919,919,Work,26242 Upham Circle,Texas,75006.0
1920,920,Work,66919 Cody Trail,Texas,75007.0
1921,921,Work,,,
1922,922,Work,2817 Lukken Pass,Texas,75007.0
1923,923,Work,,,
1924,924,Work,6 Esch Place,Texas,75007.0
1925,925,Work,350 Crowley Lane,Texas,75001.0
1926,926,Work,,,
1927,927,Work,09 Myrtle Street,Texas,75003.0
1928,928,Work,,,
1929,929,Work,4 Ruskin Alley,Texas,75001.0
1930,930,Work,33594 Debs Road,Texas,75004.0
1931,931,Work,8467 Dottie Place,Texas,75009.0
1932,932,Work,,,
1933,933,Work,,,
1934,934,Work,,,
1935,935,Work,98238 Sloan Lane,Texas,75008.0
1936,936,Work,422 Bobwhite Park,Texas,75009.0
1937,937,Work,,,
1938,938,Work,38 Artisan Junction,Texas,75008.0
1939,939,Work,,,
1940,940,Work,8685 Carey Crossing,Texas,75008.0
1941,941,Work,,,
1942,942,Work,,,
1943,943,Work,6409 Warner Terrace,Texas,75008.0
1944,944,Work,5 Mallard Lane,Texas,75004.0
1945,945,Work,,,
1946,946,Work,0 Coolidge Street,Texas,75003.0
1947,947,Work,21 Sutherland Road,Texas,75008.0
1948,948,Work,8615 Emmet Parkway,Texas,75001.0
1949,949,Work,71460 Meadow Valley Point,Texas,75001.0
1950,950,Work,,,
1951,951,Work,76928 Little Fleur Street,Texas,75007.0
1952,952,Work,,,
1953,953,Work,6798 Gale Point,Texas,75008.0
1954,954,Work,6 Gale Lane,Texas,75003.0
1955,955,Work,,,
1956,956,Work,5 Weeping Birch Avenue,Texas,75008.0
1957,957,Work,7386 Scott Drive,Texas,75003.0
1958,958,Work,5204 Messerschmidt Avenue,Texas,75006.0
1959,959,Work,358 Northwestern Hill,Texas,75007.0
1960,960,Work,,,
1961,961,Work,,,
1962,962,Work,2612 Duke Avenue,Texas,75004.0
1963,963,Work,4 Westerfield Court,Texas,75007.0
1964,964,Work,,,
1965,965,Work,,,
1966,966,Work,,,
1967,967,Work,,,
1968,968,Work,48011 Karstens Circle,Texas,75001.0
1969,969,Work,,,
1970,970,Work,,,
1971,971,Work,,,
1972,972,Work,,,
1973,973,Work,,,
1974,974,Work,553 Sycamore Way,Texas,75001.0
1975,975,Work,0059 Hoepker Place,Texas,75009.0
1976,976,Work,89641 Kings Place,Texas,75001.0
1977,977,Work,8 Hoepker Lane,Texas,75001.0
1978,978,Work,,,
1979,979,Work,36884 Milwaukee Street,Texas,75007.0
1980,980,Work,,,
1981,981,Work,501 Valley Edge Park,Texas,75009.0
1982,982,Work,,,
1983,983,Work,,,
1984,984,Work,,,
1985,985,Work,2 Elgar Place,Texas,75006.0
1986,986,Work,,,
1987,987,Work,161 Katie Drive,Texas,75009.0
1988,988,Work,86 Meadow Vale Park,Texas,75001.0
1989,989,Work,,,
1990,990,Work,0 Lillian Alley,Texas,75005.0
1991,991,Work,67 Continental Hill,Texas,75008.0
1992,992,Work,72701 Morningstar Way,Texas,75005.0
1993,993,Work,,,
1994,994,Work,38 Shoshone Terrace,Texas,75006.0
1995,995,Work,,,
1996,996,Work,46412 Vahlen Park,Texas,75007.0
1997,997,Work,3 Pennsylvania Terrace,Texas,75009.0
1998,998,Work,67720 Myrtle Parkway,Texas,75005.0
1999,999,Work,,,
2000,1000,Work,,,
